location_zone_key,outage_events_total,transformer_events_total,line_events_total,avg_nearest_ev_distance_km,avg_transformer_capacity_mva,avg_line_capacity_kv,lat,lon,outage_days,daily_outage_mean,daily_outage_p95,ev_service_gap_score,grid_reliability_stress_score,infra_capacity_pressure_score,priority_score_0_100,recommended_station_action
Tumkur,242,23,219,63.64030118,90.78947368421052,209.3827160493827,13.4812089,77.045091,30,8.066666666666666,23.0,100.0,100.0,41.661594202898556,85.42,build_new_fast_charging_hub
Bidnal,403,6,397,85.14186754,10.0,208.25188916876576,15.325662499999998,75.1597363,194,2.077319587628866,4.0,100.0,49.74,100.0,82.41,build_new_fast_charging_hub
Kadakola,416,0,416,85.8004468,,117.9375,12.2036755,76.6678355,196,2.122448979591837,4.0,100.0,49.28,100.0,82.25,build_new_fast_charging_hub
Kaduru,271,0,271,109.6154186,,118.11808118081181,13.5779068,75.9942004,109,2.4862385321100917,7.599999999999994,100.0,52.07999999999998,93.98333333333333,81.72,build_new_fast_charging_hub
Ambewadi,351,38,313,70.48226069,22.105263157894736,179.93610223642173,15.2774603,74.6168557,181,1.9392265193370166,5.0,100.0,57.58,83.14047619047619,80.94,build_new_fast_charging_hub
Benkikere,227,8,216,142.5563234,,207.98130841121494,14.0194073,76.0081546,85,2.6705882352941175,8.799999999999997,100.0,55.359999999999985,85.73333333333333,80.81,build_new_fast_charging_hub
Hebbani,216,1,215,51.9156199,,98.23255813953489,12.3392708,77.134476,107,2.0186915887850465,5.0,100.0,37.53,85.58333333333334,74.53,build_new_fast_charging_hub
Hubli,255,17,238,83.93575817,17.647058823529413,186.07563025210084,15.3283704,75.1234929,151,1.6887417218543046,4.0,100.0,40.650000000000006,81.03333333333333,74.49,build_new_fast_charging_hub
Gadag,186,43,143,120.2441931,14.210526315789474,150.76923076923077,15.416571899999997,75.6036712,98,1.8979591836734695,4.0,100.0,41.63,77.7462962962963,74.01,build_new_fast_charging_hub
Hariyabbe,90,11,75,121.337202,9.8,89.85915492957747,14.0572802,76.8093009,46,1.9565217391304348,5.0,100.0,29.95,92.88265306122447,73.7,build_new_fast_charging_hub
Zhalki,139,139,0,49.71142732,17.769784172661872,,17.2522254,75.8024914,77,1.8051948051948052,4.0,100.0,61.870000000000005,45.020242914979754,72.91,build_new_fast_charging_hub
Haveri,213,0,213,62.19599979,,269.85915492957747,14.8008744,75.3903124,111,1.9189189189189189,4.0,100.0,33.04,85.28333333333333,72.88,build_new_fast_charging_hub
Shiggoan,110,17,93,58.71534849,10.588235294117647,165.59139784946237,15.0082002,75.2166545,78,1.4102564102564104,4.0,100.0,29.05,89.50555555555556,72.54,build_new_fast_charging_hub
Madhuvanahally,226,1,225,71.30023898,,74.21333333333334,12.1408966,77.1805858,129,1.751937984496124,3.0,100.0,30.330000000000002,87.08333333333334,72.39,build_new_fast_charging_hub
Madhugiri,160,18,142,71.35900958,13.125,181.7810218978102,13.666551800000002,77.2356812,92,1.7391304347826086,4.0,100.0,33.3,82.25238095238096,72.22,build_new_fast_charging_hub
Benakatti,65,19,46,57.30618832,10.0,112.3913043478261,15.909574999999998,75.064691,28,2.3214285714285716,5.0,100.0,29.95,86.9,72.21,build_new_fast_charging_hub
Atharga,139,6,133,27.85807031,10.0,110.0,17.0000194,75.8898727,115,1.208695652173913,2.0,100.0,20.62,99.95,72.2,build_new_fast_charging_hub
Aheri,63,3,60,64.80064816,10.0,139.33333333333334,16.969999,76.3022276,28,2.25,5.649999999999999,100.0,28.389999999999993,89.0,72.19,build_new_fast_charging_hub
Bagalkot,171,42,128,69.82441481,15.789473684210526,182.1875,16.1865748,75.6690572,100,1.71,4.049999999999997,100.0,40.37999999999999,69.86666666666667,71.6,build_new_fast_charging_hub
Mughalkod,102,4,98,54.97491129,10.0,147.0408163265306,16.3638167,74.7735697,70,1.457142857142857,3.0,100.0,21.16,94.7,71.08,build_new_fast_charging_hub
Kushalnagar,202,5,197,105.7489343,,67.56345177664974,12.457139699999999,75.9650564,126,1.6031746031746033,3.0,100.0,29.41,82.88333333333333,71.01,build_new_fast_charging_hub
Jamkhandi Sugars,25,14,11,40.43572741,10.0,101.0,16.6090595,75.4013179,12,2.0833333333333335,6.149999999999995,100.0,30.09999999999998,81.65,70.95,build_new_fast_charging_hub
Ron,121,21,100,123.4545664,12.380952380952381,111.1,15.7040235,75.772793,69,1.7536231884057971,4.0,100.0,30.93,79.61538461538461,70.73,build_new_fast_charging_hub
Ghataprabha,171,22,149,44.14016085,14.090909090909092,143.2214765100671,16.2350664,74.7918742,105,1.6285714285714286,3.0,100.0,31.18,79.1241935483871,70.69,build_new_fast_charging_hub
Ranebennuru,126,36,90,84.22945969,13.333333333333334,158.88888888888889,14.6103151,75.6242553,72,1.75,4.0,100.0,35.08,73.5,70.65,build_new_fast_charging_hub
Tubinakere,198,1,197,52.77947416,,150.4263959390863,12.491768500000001,76.8015381,123,1.6097560975609757,3.0,100.0,28.09,82.88333333333333,70.55,build_new_fast_charging_hub
Hassan,176,1,174,64.58641184,,87.25287356321839,12.991909600000001,76.1930286,104,1.6923076923076923,4.0,100.0,30.33,79.43333333333334,70.47,build_new_fast_charging_hub
Malebennuru,28,4,23,101.3830171,7.35,213.30434782608697,14.364969,75.744377,22,1.2727272727272727,2.9499999999999993,100.0,15.039999999999997,100.0,70.26,build_new_fast_charging_hub
Puttur,125,2,123,43.29066965,,134.14634146341464,12.8059982,75.1345373,57,2.192982456140351,6.0,100.0,34.5,71.78333333333333,70.02,build_new_fast_charging_hub
Jamakhandi,66,13,53,56.75552923,10.0,110.0,16.4987872,75.2958115,50,1.32,3.549999999999997,100.0,22.72999999999999,87.95,69.94,add_incremental_charging_capacity
Takalaki,54,20,34,20.62683827,11.0,110.0,16.9324883,75.567516,32,1.6875,5.0,100.0,29.32,77.82727272727273,69.72,add_incremental_charging_capacity
Kattige,53,3,50,88.15485141,8.0,66.0,14.2192644,75.5452159,43,1.2325581395348837,2.0,100.0,12.99,100.0,69.55,add_incremental_charging_capacity
Hudali,71,9,62,15.46702479,10.0,115.3225806451613,15.971864499999999,74.6666746,43,1.6511627906976745,3.0,100.0,19.93,89.3,69.3,add_incremental_charging_capacity
Varahi,175,6,169,80.30710636,,220.0,13.7029772,74.9991632,114,1.5350877192982457,3.0,100.0,27.5,78.68333333333334,69.3,add_incremental_charging_capacity
Kumta,74,4,70,49.21794057,10.0,110.0,14.452580900000001,74.4201299,52,1.4230769230769231,3.0,100.0,18.92,90.5,69.25,add_incremental_charging_capacity
Vajramatti,155,26,129,67.72116628,16.923076923076923,181.62790697674419,16.2944649,75.3823462,81,1.9135802469135803,4.0,100.0,34.9,66.62272727272727,68.87,add_incremental_charging_capacity
Khadaklat,40,29,11,56.54125234000001,10.344827586206897,110.0,16.4414079,74.4710901,24,1.6666666666666667,3.849999999999998,100.0,25.84999999999999,78.98333333333333,68.79,add_incremental_charging_capacity
Shahapur,126,1,125,31.54909797,,141.68,16.6230011,76.873402,68,1.8529411764705883,5.0,100.0,30.33,72.08333333333334,68.64,add_incremental_charging_capacity
Anmod,12,4,8,41.99197671,5.0,110.0,15.4381754,74.3079178,10,1.2,2.0,100.0,9.96,100.0,68.49,add_incremental_charging_capacity
Indi,38,12,26,46.82699091,10.0,186.15384615384616,17.1648043,75.9576415,24,1.5833333333333333,3.849999999999998,100.0,21.43999999999999,83.9,68.48,add_incremental_charging_capacity
Honnalli,234,13,220,100.5251216,29.1,169.1,11.8334318,76.9107348,130,1.8,4.0,100.0,37.97,60.491408934707906,68.41,add_incremental_charging_capacity
Chikkodi,199,37,162,57.88467796,22.12121212121212,156.17283950617283,16.4448828,74.5995324,136,1.463235294117647,3.0,100.0,37.17,60.46438356164384,68.13,add_incremental_charging_capacity
Konaje,140,0,140,25.97850648,,110.0,12.8178161,74.9315052,74,1.8918918918918919,4.0,100.0,27.200000000000003,74.33333333333334,68.1,add_incremental_charging_capacity
Udyambag,202,7,195,12.96607956,17.142857142857142,109.49230769230769,15.8204634,74.4840947,185,1.0918918918918918,2.0,100.0,25.91,75.91666666666666,68.05,add_incremental_charging_capacity
Chintamani Substation,27,0,27,43.95044745,,83.11111111111111,13.3822964,78.0665467,9,3.0,9.199999999999998,100.0,38.959999999999994,57.38333333333333,67.98,add_incremental_charging_capacity
Nagamangala,135,2,133,14.99119322,,106.52631578947368,12.834493,76.7592317,84,1.6071428571428572,4.0,100.0,27.3,73.28333333333333,67.88,add_incremental_charging_capacity
Dambal,104,2,102,125.1348627,15.0,110.0,15.3086732,75.7663387,57,1.8245614035087718,5.199999999999996,100.0,29.619999999999983,68.63333333333334,67.53,add_incremental_charging_capacity
Kulgeri Cross,133,51,82,101.794987,16.666666666666668,110.0,15.9194557,75.5078285,96,1.3854166666666667,3.0,100.0,35.39,60.3,67.46,add_incremental_charging_capacity
Basavanakatti,34,13,21,77.23172205,11.538461538461538,110.0,14.8403238,75.524133,18,1.8888888888888888,5.149999999999999,100.0,26.569999999999993,72.48333333333335,67.42,add_incremental_charging_capacity
Mahalingapura,198,2,196,79.29665159,20.0,206.53061224489795,16.405136,75.1052164,143,1.3846153846153846,3.0,100.0,28.34,69.4,67.27,add_incremental_charging_capacity
Khanapur,103,0,103,52.36081502999999,,110.0,16.489281,77.5067236,54,1.9074074074074074,5.0,100.0,28.240000000000002,68.78333333333333,67.08,add_incremental_charging_capacity
Navanagara,80,1,79,74.2836246,10.0,110.0,16.1472387,75.6571827,78,1.0256410256410255,1.0,100.0,10.65,91.85,66.69,add_incremental_charging_capacity
Tyavaagi,75,3,72,119.7284129,12.5,85.25,14.248176999999998,75.8833449,47,1.5957446808510638,4.0,100.0,22.75,74.8,66.66,add_incremental_charging_capacity
Kavoor,154,0,154,11.7635635,,141.42857142857142,12.9256097,74.8605385,89,1.7303370786516854,4.0,94.108508,28.32,76.43333333333334,66.66,add_incremental_charging_capacity
Beguru,95,2,93,94.60232262,,78.65591397849462,11.931674499999998,76.6677906,52,1.8269230769230769,5.0,100.0,28.1,67.28333333333333,66.66,add_incremental_charging_capacity
Ankola,54,23,31,56.67538154,10.434782608695652,110.0,14.692578,74.3194552,45,1.2,2.0,100.0,18.07,81.31666666666666,66.65,add_incremental_charging_capacity
Ramankoppa,33,9,24,68.18759817,11.11111111111111,110.0,15.1630748,75.1447241,18,1.8333333333333333,4.0,100.0,20.89,75.6,66.21,add_incremental_charging_capacity
Mamadapura,75,24,51,33.72825949,19.583333333333332,109.13725490196079,16.5328876,75.5940518,32,2.34375,7.0,100.0,40.0,48.501063829787235,66.13,add_incremental_charging_capacity
Hunsur,107,1,106,90.52595177,,73.26415094339623,12.3131383,76.2904073,60,1.7833333333333334,4.0,100.0,24.810000000000002,69.23333333333333,65.99,add_incremental_charging_capacity
Navalgund,55,15,40,96.6110759,11.333333333333334,110.0,15.547533000000001,75.34031289999999,45,1.2222222222222223,2.799999999999997,100.0,19.349999999999987,76.58823529411764,65.92,add_incremental_charging_capacity
Vajamangala,91,4,87,73.4818275,12.5,119.10344827586206,12.3075089,76.73468,68,1.338235294117647,2.6499999999999986,100.0,18.879999999999995,77.05,65.87,add_incremental_charging_capacity
Aremallapur,7,5,2,99.17453377,10.0,110.0,14.6287599,75.7633178,4,1.75,3.549999999999999,100.0,16.009999999999998,80.3,65.68,add_incremental_charging_capacity
Sadalaga,64,26,37,45.99323527,14.23076923076923,110.0,16.5507453,74.532744,38,1.6842105263157894,4.299999999999997,100.0,28.81999999999999,61.766216216216215,65.53,add_incremental_charging_capacity
Laxmeshwar,57,33,24,86.83773249,12.727272727272727,110.0,15.1268635,75.460102,38,1.5,3.1499999999999986,100.0,25.409999999999997,66.45714285714286,65.51,add_incremental_charging_capacity
Bilagi,77,50,27,53.23427806,18.6,114.07407407407408,16.3415188,75.6285824,40,1.925,5.0,100.0,38.66,47.06075268817204,65.3,add_incremental_charging_capacity
Saundatti,139,0,139,64.96515254,,214.46043165467626,15.7560829,75.1093364,89,1.5617977528089888,2.0,100.0,19.12,74.18333333333334,65.24,add_incremental_charging_capacity
Raibagh,77,42,35,63.32090336,16.19047619047619,110.0,16.4893248,74.7606173,50,1.54,4.0,100.0,32.66,54.661764705882355,65.1,add_incremental_charging_capacity
Mathodu,69,9,57,98.86090778,12.5,141.64912280701753,13.7761592,76.411529,41,1.6829268292682926,3.0,100.0,19.77,72.55,65.06,add_incremental_charging_capacity
Sultanpur,51,32,19,76.0154135,15.0,110.0,16.4205185,75.0235566,25,2.04,4.799999999999997,100.0,31.279999999999987,56.18333333333334,64.99,add_incremental_charging_capacity
Lingasugur,88,0,88,94.14749299,,182.5,16.1696555,76.513668,49,1.7959183673469388,4.199999999999989,100.0,23.839999999999954,66.53333333333333,64.98,add_incremental_charging_capacity
Suvarna Soudha,41,16,25,13.085178179999998,11.25,110.0,15.817383,74.5687549,29,1.4137931034482758,2.599999999999998,100.0,17.679999999999993,74.86111111111111,64.9,add_incremental_charging_capacity
Hukkeri,79,24,55,35.25881324,17.391304347826086,118.0,16.2405531,74.5889914,39,2.0256410256410255,5.0,100.0,32.32,54.25,64.87,add_incremental_charging_capacity
Gulbarga,88,87,1,54.83459929,,220.0,17.3593776,76.8393951,88,1.0,1.0,100.0,32.79,53.483333333333334,64.85,add_incremental_charging_capacity
Naregal,25,6,19,138.5882271,10.0,110.0,15.5693383,75.802168,22,1.1363636363636365,2.0,100.0,11.5,82.85,64.74,add_incremental_charging_capacity
Arga,20,3,17,58.64371442,10.0,110.0,14.7730123,74.1567006,16,1.25,2.25,100.0,11.35,82.55,64.61,add_incremental_charging_capacity
Melligeri,25,4,21,59.24252618,10.0,115.23809523809524,16.3542341,75.4329286,22,1.1363636363636365,1.9499999999999993,100.0,10.799999999999997,83.15,64.57,add_incremental_charging_capacity
Athani,102,24,78,69.69586444,16.08695652173913,183.33333333333334,16.7091558,75.0701575,61,1.6721311475409837,3.0,100.0,26.16,61.42972972972973,64.51,add_incremental_charging_capacity
Thimmanahalli,16,1,15,65.77261293,10.0,212.66666666666666,13.5406625,76.6434494,13,1.2307692307692308,2.3999999999999986,100.0,11.129999999999994,82.25,64.46,add_incremental_charging_capacity
Annigeri,24,3,21,107.192897,10.0,125.71428571428571,15.4107562,75.4188657,22,1.0909090909090908,1.9499999999999993,100.0,10.469999999999997,83.15,64.45,add_incremental_charging_capacity
Mortagi,18,18,0,62.28216199,10.588235294117647,,17.0000279,76.4110491,14,1.2857142857142858,2.3499999999999996,100.0,15.339999999999998,75.55555555555556,64.26,add_incremental_charging_capacity
Honnavalli,20,2,18,58.62983495000001,10.0,110.0,13.3196698,76.3866922,16,1.25,2.0,100.0,10.1,82.7,64.21,add_incremental_charging_capacity
Kudachi,90,15,74,60.6027218,15.0,169.45945945945945,16.6140465,74.8568848,67,1.3432835820895523,3.0,100.0,22.95,64.43333333333334,64.14,add_incremental_charging_capacity
Navalagi,79,49,30,68.44234329,18.775510204081634,110.0,16.4672352,75.1841906,50,1.58,4.0,100.0,34.57,47.108695652173914,63.88,add_incremental_charging_capacity
Uttur,103,19,84,76.29671312,19.02777777777778,93.76190476190476,16.3141143,75.2241627,71,1.4507042253521127,4.0,100.0,28.990000000000002,54.643795620437956,63.81,add_incremental_charging_capacity
Gajendragad,111,26,85,123.7811042,16.153846153846153,110.0,15.7319109,75.9925285,86,1.2906976744186047,2.0,100.0,23.380000000000003,62.273809523809526,63.75,add_incremental_charging_capacity
Sira,92,2,90,88.72584146,,154.9777777777778,13.7594439,76.8777997,61,1.5081967213114753,3.0,100.0,19.86,66.83333333333334,63.66,add_incremental_charging_capacity
Nargund,12,1,11,94.38482076999999,10.0,110.0,15.7289879,75.3866475,10,1.2,2.0,100.0,9.21,81.65,63.64,add_incremental_charging_capacity
Alnavar,20,10,10,61.84225191,11.0,110.0,15.4128917,74.7450986,15,1.3333333333333333,2.599999999999998,100.0,14.499999999999991,74.22727272727273,63.63,add_incremental_charging_capacity
Devaragennur,8,6,2,38.84623093,10.0,110.0,16.5200138,75.5169798,5,1.6,2.0,100.0,10.14,80.3,63.62,add_incremental_charging_capacity
Manipal,71,0,71,35.90410333,,110.0,13.3318237,74.7881925,42,1.6904761904761905,4.0,100.0,21.68,63.983333333333334,63.58,add_incremental_charging_capacity
Naganur,10,2,8,59.69404743,10.0,110.0,16.3133383,74.9189967,7,1.4285714285714286,2.0,100.0,9.3,81.2,63.56,add_incremental_charging_capacity
Murdeswara,31,9,22,68.72321825,11.11111111111111,103.0,14.10033,74.5033199,20,1.55,2.200000000000003,100.0,13.530000000000012,75.3,63.56,add_incremental_charging_capacity
Ronihal,10,1,9,33.31539815,10.0,110.0,16.5138494,75.697002,7,1.4285714285714286,2.0,100.0,9.05,81.35,63.5,add_incremental_charging_capacity
Tuminakatte,6,6,0,86.09668624,10.0,,14.4152717,75.6116748,4,1.5,2.0,100.0,9.98,80.0,63.49,add_incremental_charging_capacity
Sagara,58,0,58,53.53970781,,109.24137931034483,14.1722403,75.0125187,36,1.6111111111111112,4.5,100.0,22.64,62.03333333333333,63.43,add_incremental_charging_capacity
Hampapura,109,1,108,93.96135402000002,,66.4074074074074,12.1215937,76.47171749999998,92,1.184782608695652,2.0,100.0,16.97,69.53333333333333,63.32,add_incremental_charging_capacity
Kudal Sangam,7,1,6,76.18343895,10.0,110.0,16.1962843,76.0271614,5,1.4,2.0,100.0,8.81,80.9,63.31,add_incremental_charging_capacity
Siddapura,8,7,1,32.0626597,10.0,66.0,14.3376806,74.8734907,7,1.1428571428571428,1.6999999999999993,100.0,9.189999999999998,80.15,63.25,add_incremental_charging_capacity
Tarihal,35,12,23,83.87268857,15.0,110.0,15.3651484,75.0497672,18,1.9444444444444444,5.0,100.0,25.8,56.78333333333334,63.23,add_incremental_charging_capacity
Kadanakoppa,56,31,25,74.81453382,14.516129032258064,110.0,15.2668218,75.0484062,40,1.4,3.0,100.0,24.23,58.861111111111114,63.2,add_incremental_charging_capacity
Talikoti,32,21,11,71.3444264,12.380952380952381,101.0,16.4818615,76.2893773,26,1.2307692307692308,2.75,100.0,18.810000000000002,66.26538461538462,63.15,add_incremental_charging_capacity
Malghan,69,13,56,65.06362827,16.153846153846153,110.0,17.0267182,76.2850446,39,1.7692307692307692,4.0,100.0,24.77,57.923809523809524,63.15,add_incremental_charging_capacity
Shiggaon Sub Station,12,5,7,59.78488619,10.0,188.57142857142858,15.0147699,75.2239546,11,1.0909090909090908,1.5,100.0,8.21,81.05,63.14,add_incremental_charging_capacity
Mudigere,43,0,43,93.15198948,,66.0,13.1379807,75.6434708,22,1.9545454545454546,4.949999999999999,100.0,23.24,59.78333333333334,63.08,add_incremental_charging_capacity
Hirekerur,82,17,65,63.79127593,15.882352941176471,113.38461538461539,14.450368700000002,75.4063055,59,1.3898305084745763,3.0,100.0,22.810000000000002,60.12037037037037,63.01,add_incremental_charging_capacity
Guledagudda,23,20,3,83.69347266,13.5,110.0,16.0654907,75.8081606,13,1.7692307692307692,4.0,100.0,22.84,59.709259259259255,62.92,add_incremental_charging_capacity
Hunagund,57,9,48,93.12226918000002,15.555555555555555,110.0,16.045548,76.0653959,33,1.7272727272727273,4.199999999999996,100.0,23.609999999999985,58.62857142857143,62.92,add_incremental_charging_capacity
Umachagi,19,1,18,21.0127558,10.0,116.11111111111111,14.813290999999998,74.8372539,18,1.0555555555555556,1.1499999999999986,100.0,6.369999999999994,82.7,62.9,add_incremental_charging_capacity
Singatalur,12,12,0,122.2597427,10.0,,15.066899299999998,75.8828396,12,1.0,1.0,100.0,7.96,80.0,62.79,add_incremental_charging_capacity
Daddi,26,8,18,19.0432958,11.25,110.0,16.0874133,74.4621461,22,1.1818181818181819,2.0,100.0,12.08,73.81111111111112,62.68,add_incremental_charging_capacity
Kavalwad,18,10,8,65.26484723,11.0,110.0,15.2106517,74.8702191,16,1.125,2.0,100.0,11.94,73.92727272727274,62.66,add_incremental_charging_capacity
Mulbagal,78,0,78,67.71905934,,66.0,13.158828099999997,78.3925388,57,1.368421052631579,3.0,100.0,18.240000000000002,65.03333333333333,62.64,add_incremental_charging_capacity
Halyal,31,15,16,73.2120748,12.666666666666666,110.0,15.3129406,74.7711488,23,1.3478260869565217,2.8999999999999986,100.0,17.829999999999995,65.55789473684212,62.63,add_incremental_charging_capacity
Mittemari,35,0,35,57.91917401,,136.0,13.6973305,77.8578047,17,2.0588235294117645,4.999999999999993,100.0,22.799999999999972,58.583333333333336,62.63,add_incremental_charging_capacity
Lokapur,36,22,14,84.08825583,12.272727272727273,110.0,16.1356512,75.3649048,25,1.44,2.0,100.0,16.38,67.28518518518517,62.55,add_incremental_charging_capacity
Munavalli,45,31,14,64.58904119,14.516129032258064,117.85714285714286,15.8472995,75.1271131,32,1.40625,3.0,100.0,23.35,57.211111111111116,62.48,add_incremental_charging_capacity
Bisnal,18,17,1,52.43489749,11.764705882352942,110.0,16.3899883,75.498105,12,1.5,2.4499999999999993,100.0,15.489999999999997,68.15,62.46,add_incremental_charging_capacity
Salagame,75,0,75,77.48073031,,66.0,13.0952121,76.0856512,41,1.829268292682927,3.0,100.0,18.0,64.58333333333334,62.45,add_incremental_charging_capacity
Karwar,79,4,75,55.25952607000001,20.0,167.2,14.809802600000001,74.1664707,44,1.7954545454545454,5.0,100.0,27.32,51.25,62.37,add_incremental_charging_capacity
Itagi,58,1,57,138.9806095,,77.57894736842105,14.9560036,76.0879394,35,1.6571428571428573,3.5999999999999943,100.0,19.289999999999978,61.88333333333333,62.22,add_incremental_charging_capacity
Muguru,49,1,48,82.27468594,,66.0,12.1237381,76.952726,35,1.4,4.0,100.0,20.17,60.53333333333333,62.19,add_incremental_charging_capacity
Itnal,74,29,45,67.67238303,17.24137931034483,110.0,16.3961409,74.9349289,50,1.48,3.0,100.0,25.17,53.15,62.1,add_incremental_charging_capacity
Gopankoppa,84,3,81,89.4641598,13.333333333333334,110.0,15.3793028,75.1395548,81,1.037037037037037,1.0,100.0,11.469999999999999,72.15,62.05,add_incremental_charging_capacity
Saidapur,8,1,7,28.43374707,10.0,110.0,16.5743934,77.2541242,8,1.0,1.0,100.0,4.89,81.05,61.97,add_incremental_charging_capacity
Vidyanagar,89,0,89,59.12763526,,66.0,12.5233586,75.015832,71,1.2535211267605635,2.0,100.0,15.120000000000001,66.68333333333334,61.96,add_incremental_charging_capacity
Dhavleshwar,10,9,1,74.45713009,11.11111111111111,110.0,16.3436169,75.0762814,8,1.25,2.0,100.0,11.05,72.15,61.9,add_incremental_charging_capacity
Devanagaon,5,1,4,74.11907163,10.0,110.0,17.1556508,76.3135089,5,1.0,1.0,100.0,4.65,80.6,61.78,add_incremental_charging_capacity
Rattihalli,41,31,10,74.61057296,15.161290322580646,110.0,14.4249224,75.5033731,30,1.3666666666666667,3.0999999999999943,100.0,23.42999999999998,54.26595744680851,61.77,add_incremental_charging_capacity
Narendra,211,6,205,65.81821798,100.0,211.78536585365853,15.498935,74.9519454,125,1.688,4.0,100.0,34.379999999999995,38.75,61.72,add_incremental_charging_capacity
MK Hubli,67,27,40,34.78848317,16.296296296296298,143.0,15.677049400000001,74.722299,48,1.3958333333333333,2.6499999999999986,100.0,22.709999999999994,55.090909090909086,61.72,add_incremental_charging_capacity
Hiriyuru,44,8,36,113.4956635,,147.27777777777777,13.9739831,76.6217661,29,1.5172413793103448,3.599999999999998,100.0,19.91999999999999,58.733333333333334,61.66,add_incremental_charging_capacity
Mandya Power Sub station,32,0,32,50.09167754,,66.0,12.5258647,76.8857412,18,1.7777777777777777,4.449999999999996,100.0,20.35999999999998,58.13333333333333,61.66,add_incremental_charging_capacity
Guttal,99,23,76,87.93095818,17.82608695652174,110.0,14.8402022,75.6281756,88,1.125,2.0,100.0,21.67,56.27804878048781,61.65,add_incremental_charging_capacity
Shirgaon,2,2,0,38.29002759,10.0,,16.242207,74.6774394,2,1.0,1.0,100.0,4.66,80.0,61.63,add_incremental_charging_capacity
Challakere,62,0,62,150.0984102,,204.33898305084745,14.3077527,76.6340638,40,1.55,3.0,100.0,16.96,62.63333333333333,61.59,add_incremental_charging_capacity
Mallat,50,7,43,78.22681397,,130.46511627906978,16.1352582,76.9283296,35,1.4285714285714286,3.299999999999997,100.0,18.94999999999999,59.78333333333334,61.58,add_incremental_charging_capacity
Jagalur,40,4,34,161.1264276,12.5,251.11764705882354,14.5145306,76.3344429,29,1.3793103448275863,2.0,100.0,12.2,69.1,61.54,add_incremental_charging_capacity
Mamdapurar,1,1,0,45.85970398,10.0,,16.0916688,74.9233012,1,1.0,1.0,100.0,4.33,80.0,61.52,add_incremental_charging_capacity
Mareguddi,1,1,0,59.0978753,10.0,,16.4384521,75.3221201,1,1.0,1.0,100.0,4.33,80.0,61.52,add_incremental_charging_capacity
Salahalli,17,10,7,76.7970058,14.0,110.0,16.0793118,75.2303538,10,1.7,4.0,100.0,19.86,58.192857142857136,61.5,add_incremental_charging_capacity
Hanbal,60,0,60,98.62414794,,66.0,13.0048264,75.703996,41,1.4634146341463414,3.0,100.0,16.8,62.333333333333336,61.46,add_incremental_charging_capacity
Periyapatna,65,2,63,98.9179213,,66.0,12.3229738,76.0964711,48,1.3541666666666667,2.6499999999999986,100.0,16.299999999999994,62.78333333333333,61.4,add_incremental_charging_capacity
Hanawala,22,0,22,156.7102443,,110.0,15.5202084,76.547284,12,1.8333333333333333,4.699999999999996,100.0,20.559999999999985,56.63333333333333,61.35,add_incremental_charging_capacity
Raichur,54,3,51,69.64607765,,114.31372549019608,16.2099249,77.3400523,41,1.3170731707317074,3.0,100.0,17.07,60.983333333333334,61.22,add_incremental_charging_capacity
Nandikur,35,0,35,15.39984454,,110.0,13.1470754,74.8044137,22,1.5909090909090908,3.9499999999999993,100.0,18.599999999999998,58.583333333333336,61.16,add_incremental_charging_capacity
Shimoga,75,0,75,113.73722879999998,,165.44,13.910644900000001,75.5975861,64,1.171875,2.0,100.0,14.0,64.58333333333334,61.05,add_incremental_charging_capacity
Ramapura,28,5,23,60.66903816,12.5,81.4,16.2942159,75.8922497,23,1.2173913043478262,2.0,100.0,11.49,67.45,60.88,add_incremental_charging_capacity
Kolar Sub Station,51,0,51,45.1723696,,72.03921568627452,13.1268764,78.1190045,39,1.3076923076923077,3.0,100.0,16.08,60.983333333333334,60.87,add_incremental_charging_capacity
Bailahongala,14,13,1,36.35894846,14.615384615384615,110.0,15.8024227,74.8426934,7,2.0,4.0,100.0,20.37,54.88684210526316,60.85,add_incremental_charging_capacity
Doni,68,5,63,124.2771427,,280.0,15.3287345,75.739838,47,1.446808510638298,2.0,100.0,14.690000000000001,62.78333333333333,60.84,add_incremental_charging_capacity
Balenahalli,21,4,17,146.7480842,12.5,120.3529411764706,14.266331399999999,76.5549886,15,1.4,2.299999999999999,100.0,11.879999999999995,66.55,60.8,add_incremental_charging_capacity
Konnur,37,0,37,102.9779194,,110.0,15.8531128,75.4888279,26,1.4230769230769231,3.5,100.0,16.96,58.88333333333333,60.66,add_incremental_charging_capacity
Mudiyanur,39,0,39,65.41957744,,66.0,13.2245271,78.3112979,28,1.3928571428571428,3.299999999999997,100.0,16.31999999999999,59.18333333333334,60.51,add_incremental_charging_capacity
Doddaguni,8,2,6,40.43489859,12.5,183.33333333333334,13.327228,76.7433669,6,1.3333333333333333,2.5,100.0,11.14,64.9,60.12,add_incremental_charging_capacity
Hangal,35,18,17,35.21604214,15.76923076923077,80.23529411764706,14.788144499999998,75.1218081,27,1.2962962962962963,3.0,100.0,19.3,53.28170731707317,60.08,add_incremental_charging_capacity
Kudligi,28,5,23,167.51241379999996,,81.30434782608695,14.8995068,76.3732556,18,1.5555555555555556,3.299999999999997,100.0,16.68999999999999,56.78333333333334,60.04,add_incremental_charging_capacity
Kalaghatagi,55,37,18,65.18112593,19.18918918918919,110.0,15.1931758,74.9881628,42,1.3095238095238095,2.9499999999999957,100.0,25.44999999999998,44.39014084507043,60.01,add_incremental_charging_capacity
Terdal,70,24,46,78.80202601,20.0,110.0,16.4874006,75.0586777,50,1.4,3.0,100.0,23.6,46.9,59.98,add_incremental_charging_capacity
Munirabad Sub Station,37,0,37,175.119737,,88.5945945945946,15.2666853,76.3298674,26,1.4230769230769231,3.0,100.0,14.96,58.88333333333333,59.96,add_incremental_charging_capacity
Mundagoda,22,16,6,44.62047481,13.75,110.0,14.9764608,75.0406613,16,1.375,2.25,100.0,14.76,59.08181818181818,59.94,add_incremental_charging_capacity
Hullenahalli,36,0,36,38.88232222,,78.83333333333333,13.1073988,77.1169053,24,1.5,3.0,100.0,14.879999999999999,58.733333333333334,59.89,add_incremental_charging_capacity
Attibele,54,1,53,16.59049879,,66.0,12.7792952,77.7435717,38,1.4210526315789473,2.0,100.0,12.57,61.28333333333333,59.72,add_incremental_charging_capacity
Nagenahalli,13,0,13,104.2441023,,110.0,13.4215353,75.9467762,8,1.625,3.9499999999999984,100.0,16.839999999999993,55.28333333333334,59.71,add_incremental_charging_capacity
Karkala,32,1,31,28.71886649,,110.0,13.1967826,74.975738,21,1.5238095238095237,3.0,100.0,14.81,57.983333333333334,59.68,add_incremental_charging_capacity
Ramadurga,21,4,17,83.08611532,15.0,110.0,15.94749,75.3059798,13,1.6153846153846154,3.3999999999999986,100.0,16.279999999999994,55.88333333333333,59.67,add_incremental_charging_capacity
Sathenahalli,54,0,54,49.78549775,,66.0,13.0596057,76.33908089999998,47,1.148936170212766,2.0,100.0,12.32,61.43333333333334,59.67,add_incremental_charging_capacity
Aigali,54,0,54,49.5091615,,110.0,16.7717336,75.2526408,49,1.1020408163265305,2.0,100.0,12.32,61.43333333333334,59.67,add_incremental_charging_capacity
Malur Substation,19,0,19,26.22144423,,82.21052631578948,13.0121925,77.9782607,9,2.111111111111111,3.5999999999999996,100.0,15.919999999999998,56.18333333333334,59.62,add_incremental_charging_capacity
Ponnampet,42,1,41,78.69075021,,66.0,12.1516768,75.9436145,32,1.3125,2.4499999999999993,100.0,13.409999999999997,59.483333333333334,59.56,add_incremental_charging_capacity
Sedam,23,0,23,40.83455746,,153.04347826086956,17.1464547,77.2923363,14,1.6428571428571428,3.3499999999999996,100.0,15.239999999999998,56.78333333333334,59.53,add_incremental_charging_capacity
Kadaganchii,21,1,20,70.50045013,,110.0,17.4442885,76.6696452,13,1.6153846153846154,3.3999999999999986,100.0,15.529999999999994,56.333333333333336,59.52,add_incremental_charging_capacity
Ugar,52,6,46,54.18735239,15.0,110.0,16.6629219,74.8197658,46,1.1304347826086956,1.75,100.0,12.66,60.233333333333334,59.49,add_incremental_charging_capacity
Magadi,37,0,37,23.5748727,,99.29729729729729,12.9226078,77.1846628,28,1.3214285714285714,2.6499999999999986,100.0,13.559999999999995,58.88333333333333,59.47,add_incremental_charging_capacity
Mukarthihal,27,19,8,45.04781253,16.31578947368421,110.0,16.4774772,75.9528189,19,1.4210526315789473,3.1999999999999957,100.0,19.709999999999983,50.23225806451614,59.46,add_incremental_charging_capacity
Yelanduru,50,1,49,86.12385196,,66.0,12.046363,77.0351033,45,1.1111111111111112,2.0,100.0,12.25,60.68333333333334,59.46,add_incremental_charging_capacity
Kushtagi,50,1,49,126.82303380000002,,116.73469387755102,15.7669735,76.1895442,41,1.2195121951219512,2.0,100.0,12.25,60.68333333333334,59.46,add_incremental_charging_capacity
Bidarekere,40,0,40,157.1483759,,204.6,14.4336547,76.2881651,31,1.2903225806451613,2.5,100.0,13.2,59.333333333333336,59.45,add_incremental_charging_capacity
Tamaka,39,0,39,49.24684242,,66.0,13.1259736,78.1607741,31,1.2580645161290323,2.5,100.0,13.120000000000001,59.18333333333334,59.39,add_incremental_charging_capacity
Shikaripura,38,0,38,69.05746829,,110.0,14.2591824,75.360288,30,1.2666666666666666,2.549999999999997,100.0,13.239999999999988,59.03333333333334,59.39,add_incremental_charging_capacity
Ramagiri Sub Station,28,0,28,122.3933236,,93.5,14.2815496,77.5120833,18,1.5555555555555556,3.0,100.0,14.24,57.53333333333334,59.37,add_incremental_charging_capacity
Ganjigunte,49,0,49,43.83257646,,66.0,13.4908086,77.9781184,39,1.2564102564102564,2.0,100.0,11.92,60.68333333333334,59.34,add_incremental_charging_capacity
KR Nagar,24,1,23,73.52576777,,66.0,12.4323077,76.3886957,19,1.263157894736842,3.099999999999998,100.0,14.569999999999991,56.78333333333334,59.3,add_incremental_charging_capacity
Kittadahalli,42,0,42,70.59755807,,110.0,14.3255249,75.4200943,35,1.2,2.299999999999997,100.0,12.559999999999988,59.63333333333333,59.3,add_incremental_charging_capacity
Babaleshwar,95,3,92,25.21716351,20.0,110.0,16.6373344,75.5658622,87,1.0919540229885059,2.0,100.0,16.35,53.8,59.17,add_incremental_charging_capacity
Kerur,80,8,72,91.22837325,18.75,110.0,16.0089056,75.5454795,68,1.1764705882352942,2.0,100.0,16.4,53.46666666666667,59.11,add_incremental_charging_capacity
Karajagi,6,1,5,74.61765416,,110.0,17.2806423,76.2190377,3,2.0,3.6999999999999997,100.0,15.53,54.083333333333336,58.96,add_incremental_charging_capacity
Hanamasagara,8,1,7,111.9521564,12.5,88.0,15.8622516,76.0611706,7,1.1428571428571428,1.6999999999999993,100.0,7.689999999999997,65.05,58.95,add_incremental_charging_capacity
Huliyurudurga,3,1,1,30.420788669999997,12.5,66.0,12.833128800000003,77.0337086,2,1.5,1.95,100.0,8.29,64.15,58.94,add_incremental_charging_capacity
Jigani Substation,6,0,6,15.36404074,,91.66666666666667,12.7756028,77.6448843,3,2.0,3.6999999999999997,100.0,15.28,54.233333333333334,58.91,add_incremental_charging_capacity
Manvi,10,0,10,91.09624169,,110.0,15.9930078,77.052982,6,1.6666666666666667,3.5,100.0,14.8,54.833333333333336,58.89,add_incremental_charging_capacity
Hiriyadka,41,0,41,38.52053322,,112.6829268292683,13.346543200000001,74.8736323,36,1.1388888888888888,2.0,100.0,11.280000000000001,59.483333333333334,58.82,add_incremental_charging_capacity
Hosadurga,84,15,68,112.68166330000001,25.3125,149.13432835820896,13.8280023,76.2403831,54,1.5555555555555556,3.3499999999999943,100.0,23.869999999999976,41.80493827160494,58.81,add_incremental_charging_capacity
Chitapur,12,1,11,29.57515644,,110.0,17.1315748,77.0914022,8,1.5,3.299999999999999,100.0,14.409999999999997,54.983333333333334,58.79,add_incremental_charging_capacity
Sirigeri Cross,12,0,12,157.4354046,,110.0,15.4109111,76.9024619,8,1.5,3.299999999999999,100.0,14.159999999999997,55.13333333333333,58.74,add_incremental_charging_capacity
Nidagundi,15,12,3,54.75201855,16.666666666666668,110.0,16.3649066,75.9288878,10,1.5,3.649999999999997,100.0,18.799999999999986,48.45,58.69,add_incremental_charging_capacity
Gudekote,35,3,32,193.7487518,,70.8125,14.8282948,76.6307872,28,1.25,2.0,100.0,11.55,58.13333333333333,58.58,add_incremental_charging_capacity
Maralavadi,37,0,37,25.90875698,,66.0,12.6128738,77.5110717,32,1.15625,2.0,100.0,10.96,58.88333333333333,58.56,add_incremental_charging_capacity
Kaladagi,41,32,9,72.34511687,18.125,110.0,16.1986743,75.4920369,35,1.1714285714285715,2.299999999999997,100.0,20.47999999999999,45.48793103448276,58.54,add_incremental_charging_capacity
Arehalli,36,0,36,106.5239999,,66.0,13.0539446,75.8094093,30,1.2,2.0,100.0,10.879999999999999,58.733333333333334,58.49,add_incremental_charging_capacity
Kanakapura,57,0,57,27.43098647,,201.08771929824562,12.5349855,77.4211698,50,1.14,1.0,100.0,8.56,61.88333333333333,58.47,add_incremental_charging_capacity
Mundaragi,34,19,15,129.8722327,17.894736842105264,117.33333333333333,15.218175999999998,75.8824146,23,1.4782608695652173,2.8999999999999986,100.0,19.069999999999993,46.955882352941174,58.41,add_incremental_charging_capacity
Anekal,28,0,28,20.17063171,,66.0,12.7431768,77.7074158,18,1.5555555555555556,2.299999999999997,100.0,11.439999999999989,57.53333333333334,58.39,add_incremental_charging_capacity
Lingadahalli,33,2,31,129.1546301,,120.64516129032258,14.1802165,77.0594303,25,1.32,2.0,100.0,11.14,57.983333333333334,58.39,add_incremental_charging_capacity
Gundlupet,19,0,19,89.58099697,,66.0,11.833832,76.675702,14,1.3571428571428572,2.6999999999999993,100.0,12.319999999999997,56.18333333333334,58.36,add_incremental_charging_capacity
Madhuvana,34,0,34,56.58621425,,110.0,13.5155716,74.744099,27,1.2592592592592593,2.0,100.0,10.72,58.43333333333334,58.36,add_incremental_charging_capacity
Tekkalkote,23,0,23,146.135606,,110.0,15.518070699999999,76.880122,16,1.4375,2.5,100.0,11.84,56.78333333333334,58.34,add_incremental_charging_capacity
Soraba,32,0,32,39.25791215,,110.0,14.3725992,75.097211,28,1.1428571428571428,2.0,100.0,10.56,58.13333333333333,58.23,add_incremental_charging_capacity
Bangarapete,32,0,32,40.10824704,,66.0,12.9871028,78.1672492,28,1.1428571428571428,2.0,100.0,10.56,58.13333333333333,58.23,add_incremental_charging_capacity
Chelur,32,0,32,54.37963798,,181.5,13.4411631,76.9084363,28,1.1428571428571428,2.0,100.0,10.56,58.13333333333333,58.23,add_incremental_charging_capacity
Somanahalli Substation,32,0,32,12.81762881,,70.8125,12.7845212,77.5073671,29,1.103448275862069,2.0,100.0,10.56,58.13333333333333,58.23,add_incremental_charging_capacity
Sankeshwara,24,10,14,36.2145517,15.0,110.0,16.2531992,74.4999809,17,1.411764705882353,2.0,100.0,12.42,55.43333333333334,58.21,add_incremental_charging_capacity
PG Palya,29,3,26,70.72742481000002,,66.0,11.8956635,77.284807,23,1.2608695652173914,2.0,100.0,11.07,57.233333333333334,58.18,add_incremental_charging_capacity
Shahabad,24,1,23,26.99941441,,143.47826086956522,17.1243948,76.9356325,18,1.3333333333333333,2.299999999999997,100.0,11.369999999999989,56.78333333333334,58.18,add_incremental_charging_capacity
Belur,31,0,31,95.25418694,,84.45161290322581,14.7023761,75.7233609,28,1.1071428571428572,2.0,100.0,10.48,57.983333333333334,58.16,add_incremental_charging_capacity
Maddur,30,1,29,48.49257691,,71.3103448275862,16.8494667,77.5979839,23,1.3043478260869565,2.0,100.0,10.65,57.68333333333334,58.15,add_incremental_charging_capacity
Koppal,29,2,27,148.4932786,,203.7037037037037,15.3666054,75.9908679,25,1.16,2.0,100.0,10.82,57.38333333333333,58.13,add_incremental_charging_capacity
Handanakere,25,3,22,69.05910206,15.0,215.0,13.5009152,76.4638883,18,1.3888888888888888,2.1499999999999986,100.0,11.349999999999994,56.63333333333333,58.13,add_incremental_charging_capacity
Halbarga,28,3,25,113.9656482,,123.2,17.9126622,77.3678013,21,1.3333333333333333,2.0,100.0,10.99,57.083333333333336,58.12,add_incremental_charging_capacity
Kaiga,30,0,30,50.80081335,,400.0,14.8619698,74.4380583,27,1.1111111111111112,2.0,100.0,10.4,57.833333333333336,58.1,add_incremental_charging_capacity
Dibburahalli,30,0,30,45.11674903,,66.0,13.556547,77.9015783,26,1.1538461538461537,2.0,100.0,10.4,57.833333333333336,58.1,add_incremental_charging_capacity
Bhanuvalli,30,0,30,102.6805467,,76.62068965517241,14.4281587,75.7737001,23,1.3043478260869565,2.0,100.0,10.4,57.833333333333336,58.1,add_incremental_charging_capacity
Galaga,19,0,19,70.01094908,,110.0,16.2551225,76.8293582,11,1.7272727272727273,2.5,100.0,11.52,56.18333333333334,58.08,add_incremental_charging_capacity
Sovenahalli,23,8,15,127.87331080000001,,79.2,15.1194569,75.9155,20,1.15,2.0,100.0,11.84,55.583333333333336,58.04,add_incremental_charging_capacity
Chikkajajuru,32,0,27,148.8875797,,108.81481481481481,14.146385,76.1377925,25,1.28,2.0,100.0,10.56,57.38333333333333,58.04,add_incremental_charging_capacity
Rangenahalli,29,0,29,123.4262979,,204.06896551724137,14.0738621,76.7135905,26,1.1153846153846154,2.0,100.0,10.32,57.68333333333334,58.03,add_incremental_charging_capacity
Muddebihal,35,14,21,69.32160765,18.571428571428573,110.0,16.3315859,76.1290927,22,1.5909090909090908,3.0,100.0,18.3,46.22692307692307,57.96,add_incremental_charging_capacity
Venkatagiri,16,3,13,166.8057613,,110.0,15.4644134,76.448949,12,1.3333333333333333,2.4499999999999993,100.0,11.829999999999997,55.28333333333334,57.96,add_incremental_charging_capacity
Gokak,51,29,22,42.15964986,19.310344827586206,105.5,16.1612844,74.8407285,41,1.2439024390243902,2.0,100.0,19.33,44.72857142857143,57.95,add_incremental_charging_capacity
Hanagal,44,31,13,196.69454780000004,18.70967741935484,72.76923076923077,14.7330795,76.6999148,28,1.5714285714285714,2.0,100.0,19.27,44.70862068965517,57.92,add_incremental_charging_capacity
Shanivarasanthe,25,3,22,100.0574663,,66.0,12.7178805,75.901444,17,1.4705882352941178,2.0,100.0,10.75,56.63333333333333,57.92,add_incremental_charging_capacity
Arasikere,18,2,16,69.46647014,,129.25,13.3062601,76.2503309,14,1.2857142857142858,2.3499999999999996,100.0,11.339999999999998,55.733333333333334,57.9,add_incremental_charging_capacity
Bargur,27,0,27,21.13407508,,71.70370370370371,12.5468292,78.3363207,23,1.173913043478261,2.0,100.0,10.16,57.38333333333333,57.9,add_incremental_charging_capacity
Gurupura,27,0,27,15.536849300000002,,110.0,12.9474148,74.922424,22,1.2272727272727273,2.0,100.0,10.16,57.38333333333333,57.9,add_incremental_charging_capacity
Honnali,26,0,26,100.6718137,,148.92307692307693,14.2173655,75.6765942,23,1.1304347826086956,2.0,100.0,10.08,57.233333333333334,57.84,add_incremental_charging_capacity
Bannur,26,0,26,70.53285926,,66.0,12.3265286,76.8609844,22,1.1818181818181819,2.0,100.0,10.08,57.233333333333334,57.84,add_incremental_charging_capacity
Hirebevanura,14,0,14,59.38012643999999,,110.0,17.2378754,76.0539562,10,1.4,2.549999999999999,100.0,11.319999999999997,55.43333333333334,57.82,add_incremental_charging_capacity
Gabbur,14,1,13,56.56254912000001,,110.0,16.2989028,77.15125909999999,11,1.2727272727272727,2.5,100.0,11.370000000000001,55.28333333333334,57.8,add_incremental_charging_capacity
Nayakana Hatti,13,1,12,168.9266889,,104.5,14.467984099999999,76.5520614,10,1.3,2.549999999999999,100.0,11.489999999999995,55.13333333333333,57.8,add_incremental_charging_capacity
Srinivaspura,6,0,6,60.71934857,,117.33333333333333,13.3551323,78.2447431,3,2.0,2.9,100.0,12.08,54.233333333333334,57.79,add_incremental_charging_capacity
Karaya,10,0,10,50.64766833,,66.0,12.8809373,75.2422198,7,1.4285714285714286,2.6999999999999993,100.0,11.599999999999998,54.833333333333336,57.77,add_incremental_charging_capacity
Ujjini,25,0,25,156.126266,,66.0,14.7333205,76.2886344,19,1.3157894736842106,2.0,100.0,10.0,57.083333333333336,57.77,add_incremental_charging_capacity
Heggunje,10,0,10,55.47960448,,154.0,13.506124599999998,74.8370879,7,1.4285714285714286,2.6999999999999993,100.0,11.599999999999998,54.833333333333336,57.77,add_incremental_charging_capacity
Shiraguppi,24,1,23,49.6453447,,124.34782608695652,16.6224429,74.7267446,21,1.1428571428571428,2.0,100.0,10.17,56.78333333333334,57.76,add_incremental_charging_capacity
Talaguppa,12,0,12,47.44501284999999,,370.0,14.201788,74.9025331,9,1.3333333333333333,2.5999999999999996,100.0,11.36,55.13333333333333,57.76,add_incremental_charging_capacity
Hiregonnagara,11,0,11,115.2923652,,110.0,15.802137899999998,75.956424,8,1.375,2.6499999999999995,100.0,11.479999999999999,54.983333333333334,57.76,add_incremental_charging_capacity
Betageri,13,0,13,144.5366165,,110.0,15.219152,76.0376843,10,1.3,2.549999999999999,100.0,11.239999999999995,55.28333333333334,57.75,add_incremental_charging_capacity
Suzlon,26,1,25,142.2065315,,99.44,15.673783799999999,76.5281227,23,1.1304347826086956,1.8999999999999986,100.0,9.929999999999994,57.083333333333336,57.75,add_incremental_charging_capacity
Halagur,23,2,21,38.85234679,,66.0,12.4260522,77.2442946,21,1.0952380952380953,2.0,100.0,10.34,56.483333333333334,57.74,add_incremental_charging_capacity
Halavarti,3,0,3,165.9016364,,110.0,15.307070099999999,76.2147776,1,3.0,3.0,100.0,12.24,53.78333333333334,57.73,add_incremental_charging_capacity
Todalbagi,17,8,9,36.79225622,15.0,110.0,16.6291901,75.4283961,14,1.2142857142857142,2.049999999999999,100.0,11.559999999999995,54.68333333333334,57.72,add_incremental_charging_capacity
Pathapalya,23,0,23,66.16425103,,66.0,13.7558137,77.91881,20,1.15,2.0500000000000007,100.0,10.040000000000003,56.78333333333334,57.71,add_incremental_charging_capacity
Hanagodu,23,1,22,92.96469109,,66.0,12.2483813,76.1890592,20,1.15,2.0,100.0,10.09,56.63333333333333,57.69,add_incremental_charging_capacity
Machhe,32,24,8,17.07008925,19.130434782608695,110.0,15.7875291,74.466494,25,1.28,2.799999999999997,100.0,19.75999999999999,43.01818181818182,57.67,add_incremental_charging_capacity
Konkal,22,0,22,25.386715190000004,,115.0,16.7657886,77.3789272,19,1.1578947368421053,2.0,100.0,9.76,56.63333333333333,57.57,add_incremental_charging_capacity
Humnabad,19,3,16,98.10194745,,130.625,17.7614756,77.0994397,15,1.2666666666666666,2.0,100.0,10.27,55.733333333333334,57.53,add_incremental_charging_capacity
Huliyar,6,0,6,73.86116809,,146.66666666666666,13.581282199999999,76.5306877,4,1.5,2.6999999999999993,100.0,11.279999999999998,54.233333333333334,57.51,add_incremental_charging_capacity
UPCL,21,0,21,16.89778764,,280.0,13.160576599999999,74.8044899,14,1.5,2.0,100.0,9.68,56.483333333333334,57.51,add_incremental_charging_capacity
Kalamaranahalli,19,2,17,127.86322419999999,,93.17647058823529,14.1159357,76.7652949,14,1.3571428571428572,2.0,100.0,10.02,55.88333333333333,57.48,add_incremental_charging_capacity
Savanur,20,0,20,65.77189747,,115.5,14.9837295,75.3275091,17,1.1764705882352942,2.0,100.0,9.6,56.333333333333336,57.44,add_incremental_charging_capacity
Kundur,20,0,20,107.1496881,,89.1,14.2771895,75.7698354,17,1.1764705882352942,2.0,100.0,9.6,56.333333333333336,57.44,add_incremental_charging_capacity
Jambagi,41,0,41,64.84178964,,110.0,16.8323004,75.0031199,41,1.0,1.0,100.0,7.28,59.483333333333334,57.42,add_incremental_charging_capacity
Giriyapura,15,5,10,102.9264017,,66.0,14.8803342,75.7614259,13,1.1538461538461537,2.0,100.0,10.45,54.833333333333336,57.37,add_incremental_charging_capacity
Ankali,30,11,19,53.91340689,18.88888888888889,110.0,16.5350848,74.67416239999999,20,1.5,3.0500000000000007,100.0,17.35,45.20294117647059,57.37,add_incremental_charging_capacity
Koppa,18,1,17,32.52720013,,66.0,12.72003,76.950502,16,1.125,2.0,100.0,9.69,55.88333333333333,57.36,add_incremental_charging_capacity
Bhalki,9,1,8,129.3123647,,110.0,18.0299162,77.2044421,7,1.2857142857142858,2.3999999999999986,100.0,10.569999999999995,54.53333333333334,57.33,add_incremental_charging_capacity
Channapatna,18,0,18,18.56323427,,143.0,12.6510379,77.2055036,16,1.125,2.0,100.0,9.44,56.03333333333334,57.31,add_incremental_charging_capacity
Alabal,34,17,17,57.70358889,20.0,110.0,16.5860693,75.2284439,21,1.619047619047619,3.0,100.0,18.97,42.55,57.28,add_incremental_charging_capacity
Banavara,17,0,17,83.78137322,,116.47058823529412,13.4076786,76.1613578,13,1.3076923076923077,2.0,100.0,9.36,55.88333333333333,57.25,add_incremental_charging_capacity
Hirebagewadi,17,0,17,22.81904627,,116.47058823529412,15.758332,74.6480315,15,1.1333333333333333,2.0,100.0,9.36,55.88333333333333,57.25,add_incremental_charging_capacity
Ainapur,25,13,12,61.92393357,16.666666666666668,110.0,16.6621631,74.9059066,20,1.25,2.1000000000000014,100.0,13.650000000000006,49.8,57.23,add_incremental_charging_capacity
Gandasi,15,1,14,56.73146865,,110.0,13.1599546,76.3039765,11,1.3636363636363635,2.0,100.0,9.45,55.43333333333334,57.17,add_incremental_charging_capacity
LIS,37,0,37,101.2489033,,217.02702702702703,12.4986293,75.9875134,37,1.0,1.0,100.0,6.96,58.88333333333333,57.16,add_incremental_charging_capacity
Attigulipura,15,0,15,90.51348934,,86.53333333333333,11.8236378,77.0084179,13,1.1538461538461537,2.0,100.0,9.2,55.583333333333336,57.12,add_incremental_charging_capacity
Hirehala,15,0,15,113.9623228,,110.0,15.789007,75.7621769,12,1.25,2.0,100.0,9.2,55.583333333333336,57.12,add_incremental_charging_capacity
Kanakagiri,15,0,15,157.9019952,,110.0,15.5659108,76.4231238,9,1.6666666666666667,2.0,100.0,9.2,55.583333333333336,57.12,add_incremental_charging_capacity
Nitturu,14,4,9,40.5069688,,134.44444444444446,13.3263781,76.8449256,12,1.1666666666666667,1.8999999999999986,100.0,9.719999999999995,54.68333333333334,57.07,add_incremental_charging_capacity
Allipura,12,0,12,185.7659169,,152.16666666666666,15.1576976,76.8711606,10,1.2,2.099999999999998,100.0,9.359999999999992,55.13333333333333,57.06,add_incremental_charging_capacity
Bettadapura,13,1,12,92.98497366,,91.66666666666667,12.467808700000003,76.1001823,11,1.1818181818181819,2.0,100.0,9.29,55.13333333333333,57.03,add_incremental_charging_capacity
Tikota,51,15,36,21.22411506,20.0,110.0,16.8388603,75.5181642,40,1.275,2.049999999999997,100.0,16.029999999999987,45.4,56.96,add_incremental_charging_capacity
Avanti,34,0,34,58.81975092,,67.29411764705883,15.0269902,75.1964645,33,1.0303030303030303,1.0,100.0,6.720000000000001,58.43333333333334,56.96,add_incremental_charging_capacity
Bennur,12,0,12,150.6899819,,110.0,15.5073831,76.7464859,8,1.5,2.0,100.0,8.96,55.13333333333333,56.92,add_incremental_charging_capacity
Lingapura,12,0,12,175.7366071,,220.0,15.296198600000002,76.3222916,9,1.3333333333333333,2.0,100.0,8.96,55.13333333333333,56.92,add_incremental_charging_capacity
Virajpet,12,0,12,85.58385014,,60.5,12.201107900000002,75.8137792,8,1.5,2.0,100.0,8.96,55.13333333333333,56.92,add_incremental_charging_capacity
Harave,11,1,10,107.7628219,,66.0,11.9355396,76.8176253,9,1.2222222222222223,2.0,100.0,9.13,54.833333333333336,56.9,add_incremental_charging_capacity
Nippani,25,13,12,54.47374825,19.23076923076923,110.0,16.4020915,74.3977847,16,1.5625,3.0,100.0,17.25,43.4,56.89,add_incremental_charging_capacity
Yallammanawadi,29,18,11,53.78317466,17.77777777777778,110.0,16.6919228,75.2266646,23,1.2608695652173914,2.0,100.0,14.82,46.64999999999999,56.85,add_incremental_charging_capacity
Besegarhalli,11,0,11,37.10814747,,94.0,12.655865,77.0071368,9,1.2222222222222223,2.0,100.0,8.88,54.983333333333334,56.85,add_incremental_charging_capacity
Anavatti,11,0,11,34.52242537,,110.0,14.573886999999997,75.1581152,9,1.2222222222222223,2.0,100.0,8.88,54.983333333333334,56.85,add_incremental_charging_capacity
Bellary North,18,4,14,184.4837171,,117.85714285714286,15.1595252,76.9452893,16,1.125,1.5,100.0,8.44,55.43333333333334,56.81,add_incremental_charging_capacity
Chowdanakuppe,10,0,10,26.429641660000005,,158.4,12.8654871,77.1093487,8,1.25,2.0,100.0,8.8,54.833333333333336,56.79,add_incremental_charging_capacity
Siruguppa,10,0,10,132.9676957,,110.0,15.631338500000002,76.9198875,7,1.4285714285714286,2.0,100.0,8.8,54.833333333333336,56.79,add_incremental_charging_capacity
Bhoruka,9,0,9,66.09385304,,80.66666666666667,16.4215248,74.8751834,7,1.2857142857142858,2.0,100.0,8.72,54.68333333333334,56.72,add_incremental_charging_capacity
Korwar Temple,7,1,6,51.26632582,,110.0,17.3369394,77.0852615,4,1.75,2.0,100.0,8.81,54.233333333333334,56.64,add_incremental_charging_capacity
Meghalapura,27,2,25,79.47106388,,66.0,12.2522118,76.8198995,26,1.0384615384615385,1.0,100.0,6.66,57.083333333333336,56.6,add_incremental_charging_capacity
Hattaragi,29,14,15,23.74109187,17.857142857142858,110.0,16.1418516,74.5159197,21,1.380952380952381,2.0,100.0,13.82,47.050000000000004,56.6,add_incremental_charging_capacity
Chincholi,7,0,7,76.6079894,,110.0,17.4419795,77.4255338,5,1.4,2.0,100.0,8.56,54.38333333333333,56.59,add_incremental_charging_capacity
Chowdapur,7,0,7,59.94100003,,125.71428571428571,17.2320026,76.55186919999998,5,1.4,2.0,100.0,8.56,54.38333333333333,56.59,add_incremental_charging_capacity
Hoskote,34,0,34,11.89050436,,66.0,13.0722055,77.7887654,28,1.2142857142857142,2.0,95.12403488,10.72,58.43333333333334,56.41,add_incremental_charging_capacity
Kallusadarahalli,3,3,0,80.79153671,,,13.473233900000002,76.2538785,2,1.5,1.95,100.0,8.79,53.333333333333336,56.41,add_incremental_charging_capacity
Surya City,4,0,4,14.86175448,,66.0,12.7922189,77.7011733,2,2.0,2.0,100.0,8.32,53.93333333333334,56.4,add_incremental_charging_capacity
Bukkapattana,5,3,2,76.09800805,15.0,66.0,13.6491007,76.7416571,4,1.25,1.8499999999999996,100.0,8.549999999999999,53.63333333333333,56.4,add_incremental_charging_capacity
Hidakal,13,9,4,73.07866405,18.88888888888889,110.0,16.4539067,74.9405671,9,1.4444444444444444,3.1999999999999993,100.0,16.089999999999996,42.95294117647059,56.37,add_incremental_charging_capacity
Seelanere,3,2,1,44.76859624,,66.0,12.6365854,76.551506,2,1.5,1.95,100.0,8.54,53.483333333333334,56.36,add_incremental_charging_capacity
Guruvayanakere,2,2,0,48.85351837,,,12.9904997,75.2442092,1,2.0,2.0,100.0,8.66,53.333333333333336,56.36,add_incremental_charging_capacity
Kurugodu,8,2,6,167.0091464,,110.0,15.3371457,76.825757,7,1.1428571428571428,1.6999999999999993,100.0,7.939999999999997,54.233333333333334,56.34,add_incremental_charging_capacity
Taripura,12,2,10,66.74372246,,66.0,12.3672175,76.7495917,11,1.0909090909090908,1.5,100.0,7.46,54.833333333333336,56.32,add_incremental_charging_capacity
Rabkavi,8,1,7,74.87676822,,110.0,16.4815684,75.1038637,7,1.1428571428571428,1.6999999999999993,100.0,7.689999999999997,54.38333333333333,56.29,add_incremental_charging_capacity
Kundapura,20,2,18,68.3894724,,110.0,13.616272599999999,74.6937246,19,1.0526315789473684,1.0999999999999979,100.0,6.499999999999991,56.03333333333334,56.28,add_incremental_charging_capacity
Sargur,10,1,9,77.91144979,,100.22222222222223,11.9932573,76.40025,9,1.1111111111111112,1.5999999999999996,100.0,7.449999999999998,54.68333333333334,56.28,add_incremental_charging_capacity
Hireguntur,3,0,3,149.8827525,,117.33333333333333,14.2222342,76.2850859,2,1.5,1.95,100.0,8.04,53.78333333333334,56.26,add_incremental_charging_capacity
Kittur,14,1,13,47.31337227,,86.3076923076923,15.5801618,74.7827081,13,1.0769230769230769,1.3999999999999986,100.0,6.969999999999994,55.28333333333334,56.26,add_incremental_charging_capacity
Terakanambi,4,0,4,99.68476113,,66.0,11.8011083,76.7953713,3,1.3333333333333333,1.9,100.0,7.92,53.93333333333334,56.26,add_incremental_charging_capacity
Gangavathi Sub Station,2,0,2,159.0909579,,110.0,15.5407482,76.4520333,1,2.0,2.0,100.0,8.16,53.63333333333333,56.26,add_incremental_charging_capacity
Bellubbi,2,0,2,39.53207467,,110.0,16.4760554,75.5971153,1,2.0,2.0,100.0,8.16,53.63333333333333,56.26,add_incremental_charging_capacity
Masuti,4,0,4,34.80978103,,220.0,16.5094973,75.7961288,3,1.3333333333333333,1.9,100.0,7.92,53.93333333333334,56.26,add_incremental_charging_capacity
Kadra,2,0,2,58.81610064,,220.0,14.8963792,74.3528244,1,2.0,2.0,100.0,8.16,53.63333333333333,56.26,add_incremental_charging_capacity
Jewargi,3,0,3,26.20942466,,110.0,17.0120206,76.7760438,2,1.5,1.95,100.0,8.04,53.78333333333334,56.26,add_incremental_charging_capacity
Sharavathi,3,0,3,43.96728418,,220.0,14.2356225,74.7669081,2,1.5,1.95,100.0,8.04,53.78333333333334,56.26,add_incremental_charging_capacity
Gudibanda,5,0,5,52.68346604,,66.0,13.671078099999999,77.6994318,4,1.25,1.8499999999999996,100.0,7.799999999999999,54.083333333333336,56.25,add_incremental_charging_capacity
Afzalpur,5,0,5,75.15354957,,110.0,17.2080018,76.3627407,4,1.25,1.8499999999999996,100.0,7.799999999999999,54.083333333333336,56.25,add_incremental_charging_capacity
Moodabidre,5,0,5,21.61549693,,110.0,13.0877958,74.9761072,4,1.25,1.8499999999999996,100.0,7.799999999999999,54.083333333333336,56.25,add_incremental_charging_capacity
Naganoor,5,0,5,44.56160027,,110.0,16.6959965,76.6158309,4,1.25,1.8499999999999996,100.0,7.799999999999999,54.083333333333336,56.25,add_incremental_charging_capacity
Guddadahalli,5,0,5,172.3721084,,400.0,15.3628601,76.2861421,4,1.25,1.8499999999999996,100.0,7.799999999999999,54.083333333333336,56.25,add_incremental_charging_capacity
Mandewal,6,0,6,48.244024,,110.0,17.0050302,76.548153,5,1.2,1.7999999999999998,100.0,7.68,54.233333333333334,56.25,add_incremental_charging_capacity
Chandapura,5,0,5,14.540279620000002,,66.0,12.7986198,77.7077254,4,1.25,1.8499999999999996,100.0,7.799999999999999,54.083333333333336,56.25,add_incremental_charging_capacity
Talavadi,7,0,7,88.06881147,,110.0,11.7645485,77.004468,6,1.1666666666666667,1.75,100.0,7.5600000000000005,54.38333333333333,56.24,add_incremental_charging_capacity
Alagur,8,0,8,48.96221598,,110.0,16.5560788,75.3423479,7,1.1428571428571428,1.6999999999999993,100.0,7.439999999999997,54.53333333333334,56.24,add_incremental_charging_capacity
Jadigenahalli,7,0,7,16.63885132,,66.0,13.0569896,77.8456116,6,1.1666666666666667,1.75,100.0,7.5600000000000005,54.38333333333333,56.24,add_incremental_charging_capacity
Tiptur,8,0,8,48.1574094,,220.0,13.2651772,76.466731,7,1.1428571428571428,1.6999999999999993,100.0,7.439999999999997,54.53333333333334,56.24,add_incremental_charging_capacity
Hagare,8,0,8,88.81837401,,66.0,13.1328934,75.9866178,7,1.1428571428571428,1.6999999999999993,100.0,7.439999999999997,54.53333333333334,56.24,add_incremental_charging_capacity
Savalagi,7,0,7,42.87458159,,110.0,16.6723373,75.3407939,6,1.1666666666666667,1.75,100.0,7.5600000000000005,54.38333333333333,56.24,add_incremental_charging_capacity
Margutti Cross,7,0,7,83.86918093,,110.0,17.639186,77.028131,6,1.1666666666666667,1.75,100.0,7.5600000000000005,54.38333333333333,56.24,add_incremental_charging_capacity
Hosur Gate,7,0,7,94.5522759,,66.0,12.2365047,76.2709895,6,1.1666666666666667,1.75,100.0,7.5600000000000005,54.38333333333333,56.24,add_incremental_charging_capacity
Kampli,7,0,7,166.8522864,,110.0,15.394037,76.6202902,6,1.1666666666666667,1.75,100.0,7.5600000000000005,54.38333333333333,56.24,add_incremental_charging_capacity
Nitrahalli,8,0,8,61.1033944,,200.75,13.6125088,77.3177128,7,1.1428571428571428,1.6999999999999993,100.0,7.439999999999997,54.53333333333334,56.24,add_incremental_charging_capacity
Kavatagi LIS,7,0,7,42.52236401,,204.28571428571428,16.5480778,75.4277521,6,1.1666666666666667,1.75,100.0,7.5600000000000005,54.38333333333333,56.24,add_incremental_charging_capacity
Panniyadhundai,9,0,9,99.64246414,,66.0,11.9959827,76.8597466,8,1.125,1.6499999999999995,100.0,7.319999999999998,54.68333333333334,56.23,add_incremental_charging_capacity
Anandapur,10,0,10,72.68253614,,110.0,14.084878900000001,75.222524,9,1.1111111111111112,1.5999999999999996,100.0,7.199999999999998,54.833333333333336,56.23,add_incremental_charging_capacity
Jindal,9,0,9,187.4126607,,110.0,15.1859954,76.6662587,8,1.125,1.6499999999999995,100.0,7.319999999999998,54.68333333333334,56.23,add_incremental_charging_capacity
Guddenahalli,11,0,11,28.36273826,,66.0,12.7226626,76.7109143,10,1.1,1.549999999999999,100.0,7.079999999999996,54.983333333333334,56.22,add_incremental_charging_capacity
Udakeri,11,0,11,46.26786953,,110.0,15.7187184,74.9025051,10,1.1,1.549999999999999,100.0,7.079999999999996,54.983333333333334,56.22,add_incremental_charging_capacity
Sampige,11,0,11,30.85008162,,210.0,13.2418726,76.7558995,10,1.1,1.549999999999999,100.0,7.079999999999996,54.983333333333334,56.22,add_incremental_charging_capacity
Hangala,11,0,11,81.87081107,,66.0,11.7443244,76.6421175,10,1.1,1.549999999999999,100.0,7.079999999999996,54.983333333333334,56.22,add_incremental_charging_capacity
Enercon,16,0,16,66.8324058,,189.75,15.8079155,75.1412394,15,1.0666666666666667,1.299999999999999,100.0,6.479999999999996,55.733333333333334,56.2,add_incremental_charging_capacity
Mattanavile,17,0,17,31.116543259999997,,66.0,12.9346321,76.5032128,16,1.0625,1.25,100.0,6.36,55.88333333333333,56.2,add_incremental_charging_capacity
Hosangadi,18,0,18,78.19437968,,110.0,13.6947399,74.9537306,17,1.0588235294117647,1.1999999999999993,100.0,6.239999999999997,56.03333333333334,56.19,add_incremental_charging_capacity
Bidi,21,7,14,41.77061127,15.714285714285714,117.85714285714286,15.570129799999998,74.6454297,20,1.05,1.0500000000000007,100.0,7.630000000000003,53.009090909090915,55.92,add_incremental_charging_capacity
Nelamangala,16,0,16,17.74883732,,289.125,13.1077327,77.3889335,16,1.0,1.0,100.0,5.28,55.733333333333334,55.78,add_incremental_charging_capacity
Badami,14,0,14,98.584471,,110.0,15.92714,75.6763107,14,1.0,1.0,100.0,5.12,55.43333333333334,55.65,add_incremental_charging_capacity
Kembhavi,14,0,14,55.19008422999999,,110.0,16.6645315,76.5204581,14,1.0,1.0,100.0,5.12,55.43333333333334,55.65,add_incremental_charging_capacity
Vijayapura,14,0,14,14.81403527,,121.0,13.298314,77.7969167,14,1.0,1.0,100.0,5.12,55.43333333333334,55.65,add_incremental_charging_capacity
Bommalapura,11,3,8,90.08660918,,66.0,11.734139,76.7280376,11,1.0,1.0,100.0,5.63,54.53333333333334,55.6,add_incremental_charging_capacity
Vadgaon,14,8,6,11.26902558,13.75,110.0,15.8273934,74.5272181,9,1.5555555555555556,2.5999999999999996,90.15220464,13.52,59.08181818181818,55.56,add_incremental_charging_capacity
Balligavi,12,0,12,51.72882586,,201.66666666666666,14.395973,75.2601968,12,1.0,1.0,100.0,4.96,55.13333333333333,55.52,add_incremental_charging_capacity
Amruthur,12,0,12,15.62004548,,207.16666666666666,12.9360895,76.9292933,12,1.0,1.0,100.0,4.96,55.13333333333333,55.52,add_incremental_charging_capacity
Kallur,12,0,12,24.21417946,,210.83333333333334,13.179601,76.8333185,12,1.0,1.0,100.0,4.96,55.13333333333333,55.52,add_incremental_charging_capacity
Sindagi KEB substation,21,21,0,55.71176959,17.142857142857142,,16.9116147,76.2290057,21,1.0,1.0,100.0,10.93,46.666666666666664,55.49,add_incremental_charging_capacity
Yadawad,17,11,6,77.16007837,17.272727272727273,110.0,16.2370106,75.1761388,15,1.1333333333333333,1.5999999999999979,100.0,10.509999999999991,47.21578947368421,55.48,add_incremental_charging_capacity
Bhaktarahalli,11,0,11,30.032652270000003,,164.0,13.1065683,77.0254039,11,1.0,1.0,100.0,4.88,54.983333333333334,55.45,add_incremental_charging_capacity
Hosur,10,0,10,23.47180765,,220.0,12.7279265,77.8135228,10,1.0,1.0,100.0,4.8,54.833333333333336,55.39,add_incremental_charging_capacity
Bylakuppe,9,1,8,104.8375842,,66.0,12.4397537,75.9867626,9,1.0,1.0,100.0,4.97,54.53333333333334,55.37,add_incremental_charging_capacity
Bherya,9,0,9,63.69670578,,66.0,12.5830782,76.351891,9,1.0,1.0,100.0,4.72,54.68333333333334,55.32,add_incremental_charging_capacity
Aurad,7,2,5,130.8342408,,110.0,18.2601589,77.41134810000001,7,1.0,1.0,100.0,5.0600000000000005,54.083333333333336,55.29,add_incremental_charging_capacity
Sirwar,8,0,8,70.99791046,,110.0,16.1766294,77.0421196,8,1.0,1.0,100.0,4.64,54.53333333333334,55.26,add_incremental_charging_capacity
Enercon Bellati,8,0,8,110.9436903,,110.0,15.1056765,75.7457946,8,1.0,1.0,100.0,4.64,54.53333333333334,55.26,add_incremental_charging_capacity
Hulikal,8,0,8,83.64621244,,110.0,13.7300264,75.0140638,8,1.0,1.0,100.0,4.64,54.53333333333334,55.26,add_incremental_charging_capacity
Godur,8,0,8,24.66194526,,66.0,12.6684764,77.5365995,8,1.0,1.0,100.0,4.64,54.53333333333334,55.26,add_incremental_charging_capacity
Kagwad,15,14,1,42.57634805,18.571428571428573,110.0,16.703592,74.7150524,13,1.1538461538461537,2.0,100.0,12.7,43.22692307692307,55.25,add_incremental_charging_capacity
Shirhatti,7,0,7,104.0760029,,110.0,15.2281819,75.5816999,7,1.0,1.0,100.0,4.5600000000000005,54.38333333333333,55.19,add_incremental_charging_capacity
Budikote,7,0,7,30.386892210000003,,66.0,12.9062582,78.13022680000002,7,1.0,1.0,100.0,4.5600000000000005,54.38333333333333,55.19,add_incremental_charging_capacity
Iggaluru,7,0,7,38.62351669000001,,66.0,12.4741516,77.13610000000001,7,1.0,1.0,100.0,4.5600000000000005,54.38333333333333,55.19,add_incremental_charging_capacity
Kadaba,7,0,7,32.31895655,,220.0,13.248033699999999,76.8616911,7,1.0,1.0,100.0,4.5600000000000005,54.38333333333333,55.19,add_incremental_charging_capacity
Ujani,5,2,3,120.68607969999998,,66.0,18.0721478,75.1193606,5,1.0,1.0,100.0,4.9,53.78333333333334,55.16,add_incremental_charging_capacity
Dubalgundi,4,3,1,109.3410265,,110.0,17.8514339,77.1805004,4,1.0,1.0,100.0,5.07,53.483333333333334,55.15,add_incremental_charging_capacity
Gubbi,6,0,6,42.18464272,,220.0,13.3168845,76.937274,6,1.0,1.0,100.0,4.48,54.233333333333334,55.13,add_incremental_charging_capacity
Sanda,6,0,6,59.73172388999999,,110.0,14.2923969,75.2776985,6,1.0,1.0,100.0,4.48,54.233333333333334,55.13,add_incremental_charging_capacity
Ugar Sugars,6,0,6,53.92426377,,110.0,16.7500767,76.4980525,6,1.0,1.0,100.0,4.48,54.233333333333334,55.13,add_incremental_charging_capacity
Beranahalli,6,0,6,113.1130281,,370.0,13.953454,76.5361476,6,1.0,1.0,100.0,4.48,54.233333333333334,55.13,add_incremental_charging_capacity
Bevoor,6,0,6,146.4938292,,88.0,15.5692644,76.1684153,6,1.0,1.0,100.0,4.48,54.233333333333334,55.13,add_incremental_charging_capacity
Katarki,6,0,6,67.2666888,,110.0,16.2444781,75.49986,6,1.0,1.0,100.0,4.48,54.233333333333334,55.13,add_incremental_charging_capacity
Chimangala,6,0,6,25.11160578,,168.66666666666666,13.3096364,77.9089203,6,1.0,1.0,100.0,4.48,54.233333333333334,55.13,add_incremental_charging_capacity
Kiravatti,36,5,31,49.27786958,18.0,110.0,15.0668463,74.8670359,35,1.0285714285714285,1.0,100.0,8.129999999999999,49.09444444444444,55.12,add_incremental_charging_capacity
Satti,5,1,4,72.06680045,,110.0,16.5924618,75.079414,5,1.0,1.0,100.0,4.65,53.93333333333334,55.11,add_incremental_charging_capacity
Attigere,6,0,5,126.4303115,,66.0,14.3487271,75.9808824,6,1.0,1.0,100.0,4.48,54.083333333333336,55.09,add_incremental_charging_capacity
Talagawara,5,0,5,32.49884087,,66.0,13.3138327,77.9830091,5,1.0,1.0,100.0,4.4,54.083333333333336,55.06,add_incremental_charging_capacity
Kogli,4,1,3,145.5088669,,66.0,14.9313146,76.1571624,4,1.0,1.0,100.0,4.57,53.78333333333334,55.05,add_incremental_charging_capacity
Kamalapura,4,1,3,183.1941274,,110.0,15.288687,76.4803295,4,1.0,1.0,100.0,4.57,53.78333333333334,55.05,add_incremental_charging_capacity
Renew Solar,3,2,1,26.358325840000003,,110.0,16.6032264,77.0189881,3,1.0,1.0,100.0,4.74,53.483333333333334,55.03,add_incremental_charging_capacity
Somasamudra,3,2,1,179.4715692,,110.0,15.2058685,76.9371101,3,1.0,1.0,100.0,4.74,53.483333333333334,55.03,add_incremental_charging_capacity
Gurgunta,4,0,4,78.31640657,,110.0,16.2736685,76.6213993,4,1.0,1.0,100.0,4.32,53.93333333333334,55.0,add_incremental_charging_capacity
Gamesha Ron,4,0,4,130.7802359,,110.0,15.6370696,75.7424483,4,1.0,1.0,100.0,4.32,53.93333333333334,55.0,add_incremental_charging_capacity
Santemaranahalli,4,0,4,88.6235614,,66.0,12.0438999,76.9832349,4,1.0,1.0,100.0,4.32,53.93333333333334,55.0,add_incremental_charging_capacity
Chikkanayakanahalli,4,0,4,52.39257278,,220.0,13.4086152,76.6218652,4,1.0,1.0,100.0,4.32,53.93333333333334,55.0,add_incremental_charging_capacity
Aski,4,0,4,72.07288216,,110.0,16.6180739,76.3680249,4,1.0,1.0,100.0,4.32,53.93333333333334,55.0,add_incremental_charging_capacity
Hiremural,4,0,4,76.8328702,,110.0,16.3069319,76.2066389,4,1.0,1.0,100.0,4.32,53.93333333333334,55.0,add_incremental_charging_capacity
Mukunda,4,0,4,137.6445254,,110.0,15.6125537,76.8081109,4,1.0,1.0,100.0,4.32,53.93333333333334,55.0,add_incremental_charging_capacity
Mudgal,4,0,4,112.1779092,,110.0,16.0186769,76.4472212,4,1.0,1.0,100.0,4.32,53.93333333333334,55.0,add_incremental_charging_capacity
Sindhanur,4,0,4,120.5372074,,110.0,15.7849352,76.769734,4,1.0,1.0,100.0,4.32,53.93333333333334,55.0,add_incremental_charging_capacity
Santhpur,3,1,2,122.4017703,,110.0,18.1567513,77.4264541,3,1.0,1.0,100.0,4.49,53.63333333333333,54.98,add_incremental_charging_capacity
Gulbarga West,3,1,2,54.53944604,,110.0,17.3451108,76.8034774,3,1.0,1.0,100.0,4.49,53.63333333333333,54.98,add_incremental_charging_capacity
Janawada,3,1,2,107.26936670000002,,110.0,17.993049,77.4829335,3,1.0,1.0,100.0,4.49,53.63333333333333,54.98,add_incremental_charging_capacity
Sindhuvallipura,3,1,2,102.6263268,,143.0,12.0502564,76.6727849,3,1.0,1.0,100.0,4.49,53.63333333333333,54.98,add_incremental_charging_capacity
Atria,3,1,2,63.19191856,,66.0,12.4356317,76.5799369,3,1.0,1.0,100.0,4.49,53.63333333333333,54.98,add_incremental_charging_capacity
Madalapura,3,1,2,95.14284015,,110.0,15.9533081,77.0933409,3,1.0,1.0,100.0,4.49,53.63333333333333,54.98,add_incremental_charging_capacity
Yeragera,3,0,3,86.04764762999999,,110.0,16.0796921,77.4185061,3,1.0,1.0,100.0,4.24,53.78333333333334,54.93,add_incremental_charging_capacity
Adani Solar,3,0,3,43.79321332999999,,66.0,16.960381,76.5800605,3,1.0,1.0,100.0,4.24,53.78333333333334,54.93,add_incremental_charging_capacity
Kamalnagar,3,0,3,145.8726238,,110.0,18.2317384,77.2100005,3,1.0,1.0,100.0,4.24,53.78333333333334,54.93,add_incremental_charging_capacity
Mudhol,17,9,8,70.52645934,20.0,110.0,16.324667,75.2933523,13,1.3076923076923077,2.3999999999999986,100.0,13.209999999999994,41.2,54.92,add_incremental_charging_capacity
Suzlon Kurugodu,2,1,1,158.9992053,,110.0,15.4008578,76.8772783,2,1.0,1.0,100.0,4.41,53.483333333333334,54.91,add_incremental_charging_capacity
Hampasagara,2,1,1,138.6749834,,66.0,15.1154384,76.0276662,2,1.0,1.0,100.0,4.41,53.483333333333334,54.91,add_incremental_charging_capacity
Bharangi,2,1,1,45.17457321,,66.0,14.5433785,75.2529229,2,1.0,1.0,100.0,4.41,53.483333333333334,54.91,add_incremental_charging_capacity
Madyal,2,0,2,77.30208603,,110.0,17.3937953,76.4873625,2,1.0,1.0,100.0,4.16,53.63333333333333,54.86,add_incremental_charging_capacity
Narsapur,2,0,2,29.53911015,,66.0,17.7573974,78.3891651,2,1.0,1.0,100.0,4.16,53.63333333333333,54.86,add_incremental_charging_capacity
Akhilagya Solar,2,0,2,127.8366758,,110.0,15.3649631,75.751903,2,1.0,1.0,100.0,4.16,53.63333333333333,54.86,add_incremental_charging_capacity
Mallapur MHS,2,0,2,175.0909508,,110.0,15.377076,76.4594087,2,1.0,1.0,100.0,4.16,53.63333333333333,54.86,add_incremental_charging_capacity
Essur,2,0,2,71.23837291,,110.0,14.2177409,75.3527467,2,1.0,1.0,100.0,4.16,53.63333333333333,54.86,add_incremental_charging_capacity
Ladha,2,0,2,128.117786,,110.0,18.0352124,77.0724701,2,1.0,1.0,100.0,4.16,53.63333333333333,54.86,add_incremental_charging_capacity
Hirisave,2,0,2,23.854887,,66.0,12.9522586,76.5688448,2,1.0,1.0,100.0,4.16,53.63333333333333,54.86,add_incremental_charging_capacity
Supa,2,0,2,61.35769438,,110.0,15.2805392,74.5316969,2,1.0,1.0,100.0,4.16,53.63333333333333,54.86,add_incremental_charging_capacity
Aditya Birla Solar,2,0,2,99.19791194,,110.0,15.087435,75.6304411,2,1.0,1.0,100.0,4.16,53.63333333333333,54.86,add_incremental_charging_capacity
Shettikere,2,0,2,51.50609185,,220.0,13.3787105,76.5720091,2,1.0,1.0,100.0,4.16,53.63333333333333,54.86,add_incremental_charging_capacity
Sidlaghatta,2,0,2,26.4043792,,66.0,13.3834617,77.8591555,2,1.0,1.0,100.0,4.16,53.63333333333333,54.86,add_incremental_charging_capacity
Kampalapura,2,0,2,96.43463659,,66.0,12.3401092,76.1735118,2,1.0,1.0,100.0,4.16,53.63333333333333,54.86,add_incremental_charging_capacity
Latur,1,1,0,172.6198331,,,18.3923105,76.5899137,1,1.0,1.0,100.0,4.33,53.333333333333336,54.85,add_incremental_charging_capacity
Gem Sugars,1,1,0,64.1550442,,,16.2640349,75.5302791,1,1.0,1.0,100.0,4.33,53.333333333333336,54.85,add_incremental_charging_capacity
Hiresindhogi,1,1,0,153.8307398,,,15.3060452,76.0876589,1,1.0,1.0,100.0,4.33,53.333333333333336,54.85,add_incremental_charging_capacity
Renew,1,1,0,146.7018535,,,15.5078968,76.9081221,1,1.0,1.0,100.0,4.33,53.333333333333336,54.85,add_incremental_charging_capacity
Cleanmax,1,1,0,35.21017007,,,17.1109095,77.239358,1,1.0,1.0,100.0,4.33,53.333333333333336,54.85,add_incremental_charging_capacity
Yaragatti,21,13,8,53.49528014,20.0,110.0,15.963896300000002,75.0281504,16,1.3125,2.0,100.0,12.93,41.2,54.83,add_incremental_charging_capacity
Yelburga,1,0,1,135.0930249,,110.0,15.624798,75.9799952,1,1.0,1.0,100.0,4.08,53.483333333333334,54.8,add_incremental_charging_capacity
Wadgera,1,0,1,28.72672052,,110.0,16.5531026,77.0977482,1,1.0,1.0,100.0,4.08,53.483333333333334,54.8,add_incremental_charging_capacity
Vijaynagar Sugars,1,0,1,121.7768032,,66.0,15.085892,75.8690705,1,1.0,1.0,100.0,4.08,53.483333333333334,54.8,add_incremental_charging_capacity
South Solapur,1,0,1,96.31800953,,110.0,17.6333593,76.0066291,1,1.0,1.0,100.0,4.08,53.483333333333334,54.8,add_incremental_charging_capacity
Yagathi,1,0,1,100.6681507,,110.0,13.6225847,76.1477565,1,1.0,1.0,100.0,4.08,53.483333333333334,54.8,add_incremental_charging_capacity
Vestas,1,0,1,146.9081587,,220.0,14.3509853,76.1765968,1,1.0,1.0,100.0,4.08,53.483333333333334,54.8,add_incremental_charging_capacity
Sriramnagar,1,0,1,157.9198937,,110.0,15.4868734,76.6006815,1,1.0,1.0,100.0,4.08,53.483333333333334,54.8,add_incremental_charging_capacity
Valkamdinni,1,0,1,103.20677,,110.0,15.913036,76.8863459,1,1.0,1.0,100.0,4.08,53.483333333333334,54.8,add_incremental_charging_capacity
Vajrabandi,1,0,1,133.7666186,,110.0,15.6704918,76.1082777,1,1.0,1.0,100.0,4.08,53.483333333333334,54.8,add_incremental_charging_capacity
Togarshi,1,0,1,43.12428485,,110.0,14.457093,75.2030352,1,1.0,1.0,100.0,4.08,53.483333333333334,54.8,add_incremental_charging_capacity
Satish Sugars,1,0,1,52.32457021,,110.0,16.2407565,74.8957232,1,1.0,1.0,100.0,4.08,53.483333333333334,54.8,add_incremental_charging_capacity
220kV SADAWAGHAPUR (Wind),1,0,1,23.51182526,,220.0,17.4392937,73.9357107,1,1.0,1.0,100.0,4.08,53.483333333333334,54.8,add_incremental_charging_capacity
Kotabagi LIS,1,0,1,40.56474386,,110.0,16.2681455,74.6682984,1,1.0,1.0,100.0,4.08,53.483333333333334,54.8,add_incremental_charging_capacity
Belavanki,1,0,1,116.129659,,110.0,15.6692738,75.5805004,1,1.0,1.0,100.0,4.08,53.483333333333334,54.8,add_incremental_charging_capacity
Kulagod,1,0,1,65.11479926,,110.0,16.2364769,75.0476348,1,1.0,1.0,100.0,4.08,53.483333333333334,54.8,add_incremental_charging_capacity
Kuduru,1,0,1,40.20324107,,66.0,13.0916917,77.1675106,1,1.0,1.0,100.0,4.08,53.483333333333334,54.8,add_incremental_charging_capacity
C.R.Patna,1,0,1,46.16387777,,66.0,12.8788598,76.37211,1,1.0,1.0,100.0,4.08,53.483333333333334,54.8,add_incremental_charging_capacity
Chakavelu,1,0,1,80.87693706,,66.0,13.8206676,78.0931259,1,1.0,1.0,100.0,4.08,53.483333333333334,54.8,add_incremental_charging_capacity
Chamarajanagara,1,0,1,100.0935236,,66.0,11.9504756,76.9385296,1,1.0,1.0,100.0,4.08,53.483333333333334,54.8,add_incremental_charging_capacity
Kavital,1,0,1,88.4597556,,110.0,16.0897251,76.786881,1,1.0,1.0,100.0,4.08,53.483333333333334,54.8,add_incremental_charging_capacity
Kakamari,1,0,1,44.94127519,,220.0,16.8572834,75.2960118,1,1.0,1.0,100.0,4.08,53.483333333333334,54.8,add_incremental_charging_capacity
Kadabahalli,1,0,1,16.12638888,,66.0,12.9605622,76.6398086,1,1.0,1.0,100.0,4.08,53.483333333333334,54.8,add_incremental_charging_capacity
KIADB Gamanagatti,1,0,1,83.41309609,,110.0,15.3733937,75.0528834,1,1.0,1.0,100.0,4.08,53.483333333333334,54.8,add_incremental_charging_capacity
Devarahipparagi,1,0,1,39.99186229,,110.0,16.8244778,76.0912581,1,1.0,1.0,100.0,4.08,53.483333333333334,54.8,add_incremental_charging_capacity
Dhulked,1,0,1,65.77054448,,110.0,17.3926654,75.8384536,1,1.0,1.0,100.0,4.08,53.483333333333334,54.8,add_incremental_charging_capacity
Jambagi KD,1,0,1,71.93330438,,110.0,16.2694034,75.3497505,1,1.0,1.0,100.0,4.08,53.483333333333334,54.8,add_incremental_charging_capacity
Jagaluru,1,0,1,171.702276,,66.0,14.5193655,76.4333462,1,1.0,1.0,100.0,4.08,53.483333333333334,54.8,add_incremental_charging_capacity
Ganadala,1,0,1,143.3052555,,110.0,15.6550773,76.3052193,1,1.0,1.0,100.0,4.08,53.483333333333334,54.8,add_incremental_charging_capacity
Gerusoppa,1,0,1,45.15156651,,220.0,14.2516604,74.6751354,1,1.0,1.0,100.0,4.08,53.483333333333334,54.8,add_incremental_charging_capacity
Girisagar,1,0,1,51.47588232,,110.0,16.3503655,75.6962964,1,1.0,1.0,100.0,4.08,53.483333333333334,54.8,add_incremental_charging_capacity
Gulbarga South,1,0,1,49.99783307,,110.0,17.3109938,76.8304447,1,1.0,1.0,100.0,4.08,53.483333333333334,54.8,add_incremental_charging_capacity
Hebburu,1,0,1,33.36876164,,66.0,13.1519425,77.0305193,1,1.0,1.0,100.0,4.08,53.483333333333334,54.8,add_incremental_charging_capacity
Halkurike,1,0,1,55.70992099,,66.0,13.3657575,76.4780103,1,1.0,1.0,100.0,4.08,53.483333333333334,54.8,add_incremental_charging_capacity
Kyasamballa,1,0,1,46.24908071,,66.0,12.9571861,78.3435403,1,1.0,1.0,100.0,4.08,53.483333333333334,54.8,add_incremental_charging_capacity
Harohalli,1,0,1,17.25144413,,66.0,12.6722317,77.4576744,1,1.0,1.0,100.0,4.08,53.483333333333334,54.8,add_incremental_charging_capacity
Ajjampura,1,0,1,119.6727044,,110.0,13.7240785,76.0030991,1,1.0,1.0,100.0,4.08,53.483333333333334,54.8,add_incremental_charging_capacity
Athani Sugars,1,0,1,58.02401566,,110.0,16.7689163,74.9182933,1,1.0,1.0,100.0,4.08,53.483333333333334,54.8,add_incremental_charging_capacity
Rajeshwar,1,0,1,100.8053236,,110.0,17.7913932,77.0344617,1,1.0,1.0,100.0,4.08,53.483333333333334,54.8,add_incremental_charging_capacity
Nangali,1,0,1,78.74765511,,66.0,13.1971241,78.5176168,1,1.0,1.0,100.0,4.08,53.483333333333334,54.8,add_incremental_charging_capacity
Mavali,1,0,1,44.33955929,,110.0,14.3806558,75.1675589,1,1.0,1.0,100.0,4.08,53.483333333333334,54.8,add_incremental_charging_capacity
Narayanpur,1,0,1,91.42128987,,66.0,16.2527871,76.3435237,1,1.0,1.0,100.0,4.08,53.483333333333334,54.8,add_incremental_charging_capacity
Santhemavatturu,1,0,0,26.09338685,,,12.9508755,77.0287931,1,1.0,1.0,100.0,4.08,53.333333333333336,54.76,add_incremental_charging_capacity
Mudalgi,9,5,4,63.58633341,16.0,110.0,16.3324639,74.9507073,9,1.0,1.0,100.0,5.97,50.6,54.74,add_incremental_charging_capacity
Nagasamudra,20,1,19,204.9890588,20.0,66.0,14.8093022,76.7458902,16,1.25,2.25,100.0,10.85,42.85,54.51,add_incremental_charging_capacity
Bydagi,21,5,16,70.327286,20.0,110.0,14.6856985,75.4922136,19,1.105263157894737,2.0,100.0,10.93,42.4,54.43,add_incremental_charging_capacity
Aques,4,1,3,19.69278909,20.0,183.33333333333334,16.1058228,74.5290892,2,2.0,2.9,100.0,12.17,40.45,54.37,add_incremental_charging_capacity
Kumbalagodu,7,0,7,12.23368408,,66.0,12.8704224,77.44520150000001,7,1.0,1.0,97.86947264,4.5600000000000005,54.38333333333333,54.34,add_incremental_charging_capacity
Sirasi,481,47,433,1.4109575850000002,14.222222222222221,171.37644341801385,14.6240511,74.8284479,216,2.2268518518518516,5.0,11.287660680000002,70.23,100.0,54.1,add_incremental_charging_capacity
Pavagada,122,5,117,116.5820133,68.0,106.5982905982906,14.133126,77.2167288,94,1.297872340425532,2.0,100.0,19.009999999999998,29.31470588235294,53.98,add_incremental_charging_capacity
Kanagala,45,8,37,47.93072854,31.428571428571427,167.67567567567568,16.349005,74.4294689,28,1.6071428571428572,3.0,100.0,17.6,31.004545454545458,53.91,add_incremental_charging_capacity
Manthur,6,6,0,62.42562887,18.333333333333332,,16.3718132,75.3533618,6,1.0,1.0,100.0,5.98,43.63636363636364,53.0,add_incremental_charging_capacity
Ilakal,6,1,5,103.70344289999998,20.0,110.0,15.9584093,76.1051745,5,1.2,1.7999999999999998,100.0,7.93,40.75,52.96,add_incremental_charging_capacity
Kunigal,21,2,19,33.21257738,20.0,177.22222222222223,13.028358,77.0883572,20,1.05,1.0500000000000007,100.0,6.380000000000003,42.85,52.95,add_incremental_charging_capacity
Chitradurga Traction,72,20,52,146.0309236,100.0,158.80769230769232,14.234461200000002,76.4375206,44,1.6363636363636365,3.0,100.0,22.759999999999998,15.8,51.92,add_incremental_charging_capacity
Chandakavathe,3,2,1,47.64334206,20.0,110.0,16.9637782,76.1348325,3,1.0,1.0,100.0,4.74,40.15,51.7,add_incremental_charging_capacity
Mundaganura,2,2,0,46.99087693,20.0,,16.4889723,75.432471,2,1.0,1.0,100.0,4.66,40.0,51.63,add_incremental_charging_capacity
Shirabur,2,1,1,45.84006236,20.0,110.0,16.4687798,75.478836,2,1.0,1.0,100.0,4.41,40.15,51.58,add_incremental_charging_capacity
Bidadi,29,0,29,10.01328595,,220.0,12.776162799999998,77.4220063,20,1.45,3.0,80.1062876,14.32,57.68333333333334,51.48,add_incremental_charging_capacity
Davanagere,49,8,41,118.5710137,100.0,210.6829268292683,14.433929,75.925413,31,1.5806451612903225,3.5,100.0,19.92,14.149999999999999,50.51,add_incremental_charging_capacity
Guttur New,70,3,66,105.9220002,163.75,213.84848484848484,14.5498407,75.8228495,49,1.4285714285714286,3.1999999999999886,100.0,19.149999999999956,14.785496183206106,50.4,add_incremental_charging_capacity
Antharasanahalli,30,5,25,57.15067488,52.0,150.0,13.3766994,77.1062272,24,1.25,2.849999999999998,100.0,15.049999999999992,19.134615384615387,50.05,add_incremental_charging_capacity
Bandihalli,51,4,47,46.58056809,100.0,138.08510638297872,13.2733736,76.4959868,37,1.3783783783783783,2.1999999999999957,100.0,13.879999999999983,15.05,48.62,monitor_only
Bijapur,73,25,46,6.821100419,25.0,196.08695652173913,16.8119064,75.7797987,33,2.212121212121212,8.199999999999996,54.568803352,44.889999999999986,38.9,47.26,monitor_only
Hosakere,12,2,10,81.81038377,60.0,100.22222222222223,13.7598621,77.2005176,10,1.2,2.0,100.0,9.46,14.833333333333334,47.02,monitor_only
Midigeshi,10,1,9,87.89168767,100.0,134.44444444444446,13.8304875,77.2047634,7,1.4285714285714286,2.6999999999999993,100.0,11.849999999999998,9.35,46.48,monitor_only
BG Road,43,0,43,8.111351265,,66.0,12.8219092,77.5846895,34,1.2647058823529411,2.349999999999998,64.89081012,12.839999999999991,59.78333333333334,45.4,monitor_only
Haluvagilu,3,3,0,102.1057991,56.25,,14.7137592,75.7862489,3,1.0,1.0,100.0,4.99,14.222222222222221,45.3,monitor_only
Hadavanahalli,11,1,10,55.281778030000005,100.0,112.2,12.843026299999998,76.2943879,11,1.0,1.0,100.0,5.13,9.5,44.17,monitor_only
Electronic City Phase 2,13,0,13,8.429319532,,66.0,12.844558,77.6758892,9,1.4444444444444444,2.0,67.434556256,9.04,55.28333333333334,43.96,monitor_only
KHB Yelahanka,11,0,11,8.858152772,,66.0,13.1092828,77.577364,11,1.0,1.0,70.865222176,4.88,54.983333333333334,43.8,monitor_only
Soladevanahalli,21,0,21,7.906981031,,66.0,13.091022200000001,77.4914798,18,1.1666666666666667,2.1499999999999986,63.255848248,10.279999999999994,56.483333333333334,43.02,monitor_only
Ramasamudra Sub Station,34,0,34,6.714169478,,122.94117647058823,16.7865394,77.2036137,19,1.7894736842105263,4.0,53.713355824,18.72,58.43333333333334,42.65,monitor_only
Bajpe,2,0,2,8.674028366,,165.0,12.9769947,74.8667217,2,1.0,1.0,69.392226928,4.16,53.63333333333333,42.62,monitor_only
Sirwal,3,0,3,8.632311163,,110.0,16.8267497,76.9320407,3,1.0,1.0,69.058489304,4.24,53.78333333333334,42.55,monitor_only
Yelahanka,6,0,6,8.300609766,,66.0,13.0986592,77.5703167,6,1.0,1.0,66.404878128,4.48,54.233333333333334,41.69,monitor_only
Mylasandra Substation,1,0,1,8.126136349,,220.0,12.8428368,77.6242286,1,1.0,1.0,65.009090792,4.08,53.483333333333334,40.8,monitor_only
Bhutnal,10,0,10,7.5260514,,110.0,16.8806058,75.7162958,9,1.1111111111111112,1.5999999999999996,60.2084112,7.199999999999998,54.833333333333336,40.31,monitor_only
Nalwar,13,0,13,6.575300740000001,,110.0,16.9386414,77.0126826,11,1.1818181818181819,2.0,52.60240592000001,9.04,55.28333333333334,38.03,monitor_only
Kanbargi,61,13,48,5.21764012,14.615384615384615,110.0,15.8874985,74.55245,48,1.2708333333333333,2.0,41.74112096,16.13,61.93684210526317,37.83,monitor_only
Kondaspura,3,0,3,6.980681184999999,,66.0,13.037788,77.7547392,3,1.0,1.0,55.84544947999999,4.24,53.78333333333334,37.27,monitor_only
Ramanagara,5,0,5,6.898891101000001,,66.0,12.7157939,77.2918997,5,1.0,1.0,55.19112880800001,4.4,54.083333333333336,37.14,monitor_only
Toravi,3,2,1,7.509719289,20.0,110.0,16.8220621,75.6458195,2,1.5,1.95,60.077754312,8.54,40.15,37.06,monitor_only
Chokkasandra,1,0,1,6.356116982,,66.0,12.8736288,77.7294744,1,1.0,1.0,50.848935856,4.08,53.483333333333334,35.14,monitor_only
Belgaum,118,15,103,2.535933079,20.0,165.53398058252426,15.9059253,74.5298502,60,1.9666666666666666,5.049999999999997,20.287464632,33.389999999999986,55.45,33.66,monitor_only
Hebbal Substation,72,7,65,3.6209118319999996,,167.87692307692308,13.0305136,77.5823758,61,1.180327868852459,2.0,28.967294655999996,15.51,63.083333333333336,32.79,monitor_only
REMCO,36,3,33,4.267413217,,66.0,12.9456416,77.5310554,30,1.2,2.0,34.139305736,11.629999999999999,58.28333333333334,32.3,monitor_only
Abbigere,29,0,29,4.453909007,,66.0,13.0728008,77.5286763,25,1.16,2.0,35.631272056,10.32,57.68333333333334,32.29,monitor_only
Budigere,22,0,22,3.761200918,,66.0,13.142242500000002,77.7352166,19,1.1578947368421053,2.0,30.089607344,9.76,56.63333333333333,29.61,monitor_only
MEI Layout,6,0,6,4.354220946,,66.0,13.061539000000002,77.5061764,6,1.0,1.0,34.833767568,4.48,54.233333333333334,29.06,monitor_only
Vikas Tech Park Substation,34,0,34,2.42090323,,165.64705882352942,12.9307068,77.6967296,19,1.7894736842105263,4.0,19.36722584,18.72,58.43333333333334,28.91,monitor_only
VIdyanagara Substation,1,0,1,4.390451629,,66.0,13.1529069,77.6314947,1,1.0,1.0,35.123613032,4.08,53.483333333333334,28.85,monitor_only
Brindavan,27,0,27,3.412779591,,66.0,13.0172903,77.5067265,24,1.125,2.0,27.302236728,10.16,57.38333333333333,28.82,monitor_only
Chandra Layout,3,0,3,4.30710392,,80.66666666666667,12.9586999,77.5287134,3,1.0,1.0,34.45683136,4.24,53.78333333333334,28.71,monitor_only
Banashankari,3,0,3,4.112289559,,66.0,12.9346528,77.5387548,3,1.0,1.0,32.898316472,4.24,53.78333333333334,28.09,monitor_only
K&C Valley Substation,2,0,2,3.532371676,,66.0,12.9425942,77.657882,1,2.0,2.0,28.258973408,8.16,53.63333333333333,27.57,monitor_only
BEL,8,0,8,3.641231585,,66.0,13.0542981,77.5612223,8,1.0,1.0,29.12985268,4.64,54.53333333333334,26.91,monitor_only
Hoody Traction,13,0,13,2.569577572,,162.76923076923077,12.9966455,77.7277991,9,1.4444444444444444,2.5999999999999996,20.556620576,11.439999999999998,55.28333333333334,26.05,monitor_only
Padmanabha Nagar Substation,23,0,23,2.141804077,,66.0,12.922052599999999,77.5607462,16,1.4375,3.0,17.134432616,13.84,56.78333333333334,25.89,monitor_only
Honaga,3,0,3,3.3305346519999994,,110.0,15.9581098,74.5231261,3,1.0,1.0,26.644277215999995,4.24,53.78333333333334,25.59,monitor_only
HMT,19,0,19,2.404209724,,66.0,13.0502974,77.5471452,16,1.1875,2.25,19.233677792,10.52,56.18333333333334,25.42,monitor_only
Golf Links Substation,29,0,29,2.269423171,,66.0,12.9537098,77.6413638,22,1.3181818181818181,2.0,18.155385368,10.32,57.68333333333334,25.29,monitor_only
HAL Substation,8,1,7,2.399305898,,66.0,12.9686272,77.6622395,6,1.3333333333333333,2.5,19.194447184,10.89,54.38333333333333,25.09,monitor_only
Mathikere,35,0,35,1.748746046,,66.0,13.036751,77.5584598,28,1.25,2.6499999999999986,13.989968368,13.399999999999995,58.583333333333336,24.93,monitor_only
Vijaya Nagar,7,0,7,2.648226149,,66.0,12.9802248,77.5363072,6,1.1666666666666667,1.75,21.185809192,7.5600000000000005,54.38333333333333,24.72,monitor_only
Koramangala Substation,10,0,10,1.044550449,,127.6,12.9431625,77.6240378,5,2.0,4.999999999999999,8.356403592,20.799999999999997,54.833333333333336,24.33,monitor_only
Exora,10,0,10,1.6297264429999998,,112.2,12.9379879,77.6972865,6,1.6666666666666667,3.5,13.037811543999998,14.8,54.833333333333336,24.1,monitor_only
Jayadeva,35,0,35,1.264296147,,66.0,12.9200807,77.5990692,22,1.5909090909090908,3.0,10.114369176,14.8,58.583333333333336,23.87,monitor_only
RMV Layout,3,0,3,2.33296769,,66.0,13.0367975,77.5664072,2,1.5,1.95,18.66374152,8.04,53.78333333333334,23.73,monitor_only
Telecom Layout Substation,2,0,2,2.64874576,,66.0,12.9668659,77.5458925,2,1.0,1.0,21.18996608,4.16,53.63333333333333,23.34,monitor_only
Manyata,72,0,72,0.742377242,,66.0,13.048141,77.619209,61,1.180327868852459,2.0,5.939017936,13.76,64.13333333333334,23.22,monitor_only
NIMHANS Substation,5,0,5,1.274699124,,66.0,12.941456499999997,77.5915395,2,2.5,3.8499999999999996,10.197592992,15.799999999999999,54.083333333333336,23.13,monitor_only
Khodays Glass Factory Substation,7,0,7,2.031925874,,88.0,12.873592399999998,77.5657202,4,1.75,2.0,16.255406992,8.56,54.38333333333333,23.09,monitor_only
Gokula,11,0,11,2.268505454,,66.0,13.044173900000002,77.5538825,11,1.0,1.0,18.148043632,4.88,54.983333333333334,22.71,monitor_only
Subramanyapura Substation,33,0,33,1.315493365,,66.0,12.8968394,77.5469054,27,1.2222222222222223,2.0,10.52394692,10.64,58.28333333333334,22.5,monitor_only
IISc MUSS,3,0,3,1.761707149,,66.0,13.0151688,77.5635497,2,1.5,1.95,14.093657192,8.04,53.78333333333334,21.9,monitor_only
Bagmane WTC,23,0,23,1.268295319,,66.0,12.9846414,77.6938533,20,1.15,2.0,10.146362552,9.84,56.78333333333334,21.7,monitor_only
Mattikere,1,0,1,1.898099414,,66.0,13.0382131,77.5586525,1,1.0,1.0,15.184795312,4.08,53.483333333333334,20.87,monitor_only
Brigade Tech Gardens Brookefield,1,0,1,1.858065799,,66.0,12.9638087,77.7224299,1,1.0,1.0,14.864526392,4.08,53.483333333333334,20.74,monitor_only
Pottery Road,1,0,1,1.783010419,,66.0,13.0018762,77.6190756,1,1.0,1.0,14.264083352,4.08,53.483333333333334,20.5,monitor_only
HBR Layout,11,0,11,1.513083948,,80.0,13.0299995,77.6277988,11,1.0,1.0,12.104671584,4.88,54.983333333333334,20.3,monitor_only
ITI,34,2,32,0.547964458,,128.5625,13.0050908,77.6865981,28,1.2142857142857142,2.0,4.383715664,11.22,58.13333333333333,20.21,monitor_only
SRS Peenya Substation,5,0,5,1.149838343,,158.4,13.027416499999998,77.5248582,4,1.25,1.8499999999999996,9.198706744,7.799999999999999,54.083333333333336,19.93,monitor_only
NRS Substation (Rajajinagar),6,0,6,1.11221309,,66.0,12.9900641,77.550953,5,1.2,1.7999999999999998,8.89770472,7.68,54.233333333333334,19.81,monitor_only
HSR Layout Substation,4,0,4,1.410585962,,66.0,12.9022267,77.6495638,4,1.0,1.0,11.284687696,4.32,53.93333333333334,19.51,monitor_only
ISRO Layout Substation,2,0,2,1.008330003,,66.0,12.8984754,77.5569842,1,2.0,2.0,8.066640024,8.16,53.63333333333333,19.49,monitor_only
Austin Town Substation,11,0,11,1.119813548,,66.0,12.9639274,77.6149477,11,1.0,1.0,8.958508384,4.88,54.983333333333334,19.04,monitor_only
C Station,2,0,2,1.284458139,,66.0,12.9923479,77.5992706,2,1.0,1.0,10.275665112,4.16,53.63333333333333,18.97,monitor_only
Jayanagar Substation,4,0,4,0.752755679,,66.0,12.9323171,77.58336,2,2.0,2.0,6.022045432,8.32,53.93333333333334,18.8,monitor_only
Victoria Hospital Substation,2,0,2,0.875873348,,66.0,12.9642082,77.5729734,2,1.0,1.0,7.006986784,4.16,53.63333333333333,17.67,monitor_only
Mahalakshmi Layout,11,0,11,0.214702661,,66.0,13.0011372,77.5482938,8,1.375,2.0,1.717621288,8.88,54.983333333333334,17.54,monitor_only
Platinum City Power Station,20,0,20,0.367430709,,66.0,13.035502400000002,77.5314806,19,1.0526315789473684,1.0999999999999979,2.939445672,5.999999999999991,56.333333333333336,17.36,monitor_only
Bijapur City,32,27,5,0.015091894,18.14814814814815,110.0,16.8130561,75.7156897,25,1.28,2.0,0.120735152,17.310000000000002,44.83163265306122,17.31,monitor_only
St Johns Wood Substation,1,0,1,0.57329123,,66.0,12.9291569,77.6096487,1,1.0,1.0,4.58632984,4.08,53.483333333333334,16.63,monitor_only
Adugodi Substation,4,0,4,0.152031919,,66.0,12.9326212,77.6129323,4,1.0,1.0,1.216255352,4.32,53.93333333333334,15.48,monitor_only
BIAL Begur Substation,1,0,1,0.190902919,,66.0,13.1819909,77.6779672,1,1.0,1.0,1.527223352,4.08,53.483333333333334,15.41,monitor_only
KIADB Substation,18,7,11,0.498806155,68.0,96.0,13.1500692,77.7015097,10,1.8,4.0,3.99044924,19.19,13.41470588235294,11.67,monitor_only
