zone_key,event_count,transformer_events,line_events,avg_transformer_capacity_mva,avg_line_capacity_kv,avg_ev_distance_km,lat,lon,dominant_resource,mean_load_2024_mw,mean_stress,mean_predicted_ev_mw,graph_degree,graph_betweenness
220kV SADAWAGHAPUR (Wind),1,0,1,,220.0,23.51182526,17.4392937,73.9357107,thermal,,,,1,0.0
Abbigere,29,0,29,,66.0,4.453909007,13.0728008,77.5286763,thermal,,,,3,0.0
Adani Solar,3,0,3,,66.0,43.79321332999999,16.960381,76.5800605,thermal,,,,1,0.0
Aditya Birla Solar,2,0,2,,110.0,99.19791194,15.087435,75.6304411,hydro,,,,1,0.0
Adugodi Substation,4,0,4,,66.0,0.152031919,12.9326212,77.6129323,hydro,,,,2,0.0
Afzalpur,5,0,5,,110.0,75.15354957,17.2080018,76.3627407,thermal,,,,2,0.003762546856154161
Aheri,63,3,60,10.0,139.33333333333334,64.80064816,16.969999,76.3022276,thermal,,,,4,0.0
Aigali,54,0,54,,110.0,49.5091615,16.7717336,75.2526408,thermal,,,,3,0.0
Ainapur,25,13,12,16.666666666666668,110.0,61.92393357,16.6621631,74.9059066,thermal,,,,3,0.0
Ajjampura,1,0,1,,110.0,119.6727044,13.7240785,76.0030991,thermal,,,,1,0.0
Akhilagya Solar,2,0,2,,110.0,127.8366758,15.3649631,75.751903,hydro,,,,2,0.004497209387702993
Alabal,34,17,17,20.0,110.0,57.70358889,16.5860693,75.2284439,thermal,,,,3,0.0
Alagur,8,0,8,,110.0,48.96221598,16.5560788,75.3423479,thermal,,,,2,0.0
Allipura,12,0,12,,152.16666666666666,185.7659169,15.1576976,76.8711606,thermal,,,,2,0.0
Alnavar,20,10,10,11.0,110.0,61.84225191,15.4128917,74.7450986,thermal,,,,4,0.0
Ambewadi,351,38,313,22.105263157894736,179.93610223642173,70.48226069,15.2774603,74.6168557,thermal,,,,3,0.0
Amruthur,12,0,12,,207.16666666666666,15.62004548,12.9360895,76.9292933,thermal,,,,2,0.0
Anandapur,10,0,10,,110.0,72.68253614,14.084878900000001,75.222524,thermal,,,,2,0.0
Anavatti,11,0,11,,110.0,34.52242537,14.573886999999997,75.1581152,thermal,,,,3,0.0002984148018394592
Anekal,28,0,28,,66.0,20.17063171,12.7431768,77.7074158,hydro,,,,4,0.0
Ankali,30,11,19,18.88888888888889,110.0,53.91340689,16.5350848,74.67416239999999,thermal,,,,4,0.0
Ankola,54,23,31,10.434782608695652,110.0,56.67538154,14.692578,74.3194552,thermal,,,,3,0.0
Anmod,12,4,8,5.0,110.0,41.99197671,15.4381754,74.3079178,thermal,,,,4,0.0
Annigeri,24,3,21,10.0,125.71428571428571,107.192897,15.4107562,75.4188657,thermal,,,,3,0.0
Antharasanahalli,30,5,25,52.0,150.0,57.15067488,13.3766994,77.1062272,thermal,,,,4,0.001720820535306423
Aques,4,1,3,20.0,183.33333333333334,19.69278909,16.1058228,74.5290892,thermal,,,,2,0.0
Arasikere,18,2,16,,129.25,69.46647014,13.3062601,76.2503309,thermal,,,,5,0.005010994543450765
Arehalli,36,0,36,,66.0,106.5239999,13.0539446,75.8094093,thermal,,,,5,0.009134824655109161
Aremallapur,7,5,2,10.0,110.0,99.17453377,14.6287599,75.7633178,thermal,,,,3,0.015709144665063183
Arga,20,3,17,10.0,110.0,58.64371442,14.7730123,74.1567006,thermal,,,,2,0.0
Aski,4,0,4,,110.0,72.07288216,16.6180739,76.3680249,thermal,,,,1,0.0
Athani,102,24,78,16.08695652173913,183.33333333333334,69.69586444,16.7091558,75.0701575,thermal,,,,4,0.0
Athani Sugars,1,0,1,,110.0,58.02401566,16.7689163,74.9182933,hydro,,,,1,0.0
Atharga,139,6,133,10.0,110.0,27.85807031,17.0000194,75.8898727,thermal,,,,4,0.0
Atria,3,1,2,,66.0,63.19191856,12.4356317,76.5799369,thermal,,,,2,0.0
Attibele,54,1,53,,66.0,16.59049879,12.7792952,77.7435717,thermal,,,,4,0.0
Attigere,6,0,5,,66.0,126.4303115,14.3487271,75.9808824,thermal,,,,2,0.0
Attigulipura,15,0,15,,86.53333333333333,90.51348934,11.8236378,77.0084179,thermal,,,,1,0.0
Aurad,7,2,5,,110.0,130.8342408,18.2601589,77.41134810000001,thermal,,,,3,0.004985570799189272
Austin Town Substation,11,0,11,,66.0,1.119813548,12.9639274,77.6149477,thermal,,,,3,0.0
Avanti,34,0,34,,67.29411764705883,58.81975092,15.0269902,75.1964645,thermal,,,,3,0.04432029738829521
BAGALKOT,2221,840,1367,15.679347826086957,117.99049012435991,,,,thermal,,,,188,0.15173420968821585
BAGALKOTE,2194,826,1362,15.64655172413793,115.31424375917769,,,,thermal,,,,184,0.1453612023351366
BAGALKOTE LINE,314,0,313,,116.46645367412141,,,,thermal,,,,102,0.2540667495037886
BAGALKOTE TRANSFORMER,100,99,1,16.420289855072465,66.0,,,,thermal,,,,58,0.11126596381503905
BANGALORE,8262,3669,4586,,86.29437418229394,,,,thermal,,,,134,0.21615884588128184
BEL,8,0,8,,66.0,3.641231585,13.0542981,77.5612223,thermal,,,,2,0.0
BENGALORE,1265,544,721,,90.99029126213593,,,,hydro,,,,55,0.10473118478630647
BENGALURU,2387,928,1459,,88.97601096641536,,,,thermal,,,,82,0.1654876685480198
BENGALURU LINE,659,0,659,,77.49013657056146,,,,thermal,,,,43,0.0559495187629972
BENGALURU TRANSFORMER,423,419,1,,220.0,,,,thermal,,,,16,0.025078155855505352
BG Road,43,0,43,,66.0,8.111351265,12.8219092,77.5846895,thermal,,,,4,0.0
BIAL Begur Substation,1,0,1,,66.0,0.190902919,13.1819909,77.6779672,thermal,,,,1,0.0
Babaleshwar,95,3,92,20.0,110.0,25.21716351,16.6373344,75.5658622,thermal,,,,3,0.0
Badami,14,0,14,,110.0,98.584471,15.92714,75.6763107,thermal,,,,3,0.0
Bagalkot,171,42,128,15.789473684210526,182.1875,69.82441481,16.1865748,75.6690572,thermal,,,,4,0.0
Bagmane WTC,23,0,23,,66.0,1.268295319,12.9846414,77.6938533,thermal,,,,4,0.0
Bailahongala,14,13,1,14.615384615384615,110.0,36.35894846,15.8024227,74.8426934,thermal,,,,2,0.0
Bajpe,2,0,2,,165.0,8.674028366,12.9769947,74.8667217,thermal,,,,2,0.010664781276216704
Balenahalli,21,4,17,12.5,120.3529411764706,146.7480842,14.266331399999999,76.5549886,thermal,,,,2,0.0
Balligavi,12,0,12,,201.66666666666666,51.72882586,14.395973,75.2601968,thermal,,,,4,0.005902613159794681
Banashankari,3,0,3,,66.0,4.112289559,12.9346528,77.5387548,thermal,,,,2,0.0
Banavara,17,0,17,,116.47058823529412,83.78137322,13.4076786,76.1613578,thermal,,,,1,0.0
Bandihalli,51,4,47,100.0,138.08510638297872,46.58056809,13.2733736,76.4959868,thermal,,,,5,0.014368807319485399
Bangarapete,32,0,32,,66.0,40.10824704,12.9871028,78.1672492,thermal,,,,4,0.0
Bannur,26,0,26,,66.0,70.53285926,12.3265286,76.8609844,thermal,,,,1,0.0
Bargur,27,0,27,,71.70370370370371,21.13407508,12.5468292,78.3363207,thermal,,,,6,0.031216220340734492
Basavanakatti,34,13,21,11.538461538461538,110.0,77.23172205,14.8403238,75.524133,thermal,,,,3,0.0
Beguru,95,2,93,,78.65591397849462,94.60232262,11.931674499999998,76.6677906,thermal,,,,2,0.0
Belavanki,1,0,1,,110.0,116.129659,15.6692738,75.5805004,thermal,,,,1,0.0
Belgaum,118,15,103,20.0,165.53398058252426,2.535933079,15.9059253,74.5298502,thermal,,,,3,0.0
Bellary North,18,4,14,,117.85714285714286,184.4837171,15.1595252,76.9452893,thermal,,,,4,0.0
Bellubbi,2,0,2,,110.0,39.53207467,16.4760554,75.5971153,thermal,,,,1,0.0
Belur,31,0,31,,84.45161290322581,95.25418694,14.7023761,75.7233609,thermal,,,,5,0.0002984148018394592
Benakatti,65,19,46,10.0,112.3913043478261,57.30618832,15.909574999999998,75.064691,thermal,,,,2,0.0
Benkikere,227,8,216,,207.98130841121494,142.5563234,14.0194073,76.0081546,thermal,,,,5,0.002838055848750394
Bennur,12,0,12,,110.0,150.6899819,15.5073831,76.7464859,thermal,,,,1,0.0
Beranahalli,6,0,6,,370.0,113.1130281,13.953454,76.5361476,thermal,,,,2,0.0
Besegarhalli,11,0,11,,94.0,37.10814747,12.655865,77.0071368,thermal,,,,1,0.0
Betageri,13,0,13,,110.0,144.5366165,15.219152,76.0376843,thermal,,,,2,0.0
Bettadapura,13,1,12,,91.66666666666667,92.98497366,12.467808700000003,76.1001823,thermal,,,,3,0.0
Bevoor,6,0,6,,88.0,146.4938292,15.5692644,76.1684153,thermal,,,,2,0.0
Bhaktarahalli,11,0,11,,164.0,30.032652270000003,13.1065683,77.0254039,thermal,,,,3,0.0
Bhalki,9,1,8,,110.0,129.3123647,18.0299162,77.2044421,thermal,,,,2,0.0
Bhanuvalli,30,0,30,,76.62068965517241,102.6805467,14.4281587,75.7737001,thermal,,,,2,0.0
Bharangi,2,1,1,,66.0,45.17457321,14.5433785,75.2529229,thermal,,,,2,0.012127515303706426
Bherya,9,0,9,,66.0,63.69670578,12.5830782,76.351891,thermal,,,,1,0.0
Bhoruka,9,0,9,,80.66666666666667,66.09385304,16.4215248,74.8751834,thermal,,,,3,0.0
Bhutnal,10,0,10,,110.0,7.5260514,16.8806058,75.7162958,thermal,,,,3,0.0
Bidadi,29,0,29,,220.0,10.01328595,12.776162799999998,77.4220063,hydro,,,,4,0.0
Bidarekere,40,0,40,,204.6,157.1483759,14.4336547,76.2881651,thermal,,,,2,0.0
Bidi,21,7,14,15.714285714285714,117.85714285714286,41.77061127,15.570129799999998,74.6454297,thermal,,,,3,0.0
Bidnal,403,6,397,10.0,208.25188916876576,85.14186754,15.325662499999998,75.1597363,thermal,,,,3,0.0
Bijapur,73,25,46,25.0,196.08695652173913,6.821100419,16.8119064,75.7797987,thermal,,,,4,0.0
Bijapur City,32,27,5,18.14814814814815,110.0,0.015091894,16.8130561,75.7156897,thermal,,,,3,0.0
Bilagi,77,50,27,18.6,114.07407407407408,53.23427806,16.3415188,75.6285824,thermal,,,,4,0.0
Bisnal,18,17,1,11.764705882352942,110.0,52.43489749,16.3899883,75.498105,thermal,,,,3,0.0
Bommalapura,11,3,8,,66.0,90.08660918,11.734139,76.7280376,thermal,,,,2,0.0
Brigade Tech Gardens Brookefield,1,0,1,,66.0,1.858065799,12.9638087,77.7224299,thermal,,,,1,0.0
Brindavan,27,0,27,,66.0,3.412779591,13.0172903,77.5067265,thermal,,,,2,0.0
Budigere,22,0,22,,66.0,3.761200918,13.142242500000002,77.7352166,thermal,,,,3,0.0
Budikote,7,0,7,,66.0,30.386892210000003,12.9062582,78.13022680000002,thermal,,,,3,0.0
Bukkapattana,5,3,2,15.0,66.0,76.09800805,13.6491007,76.7416571,thermal,,,,2,0.0
Bydagi,21,5,16,20.0,110.0,70.327286,14.6856985,75.4922136,thermal,,,,2,0.0
Bylakuppe,9,1,8,,66.0,104.8375842,12.4397537,75.9867626,thermal,,,,3,0.0037782280079641612
C Station,2,0,2,,66.0,1.284458139,12.9923479,77.5992706,hydro,,,,1,0.0
C.R.Patna,1,0,1,,66.0,46.16387777,12.8788598,76.37211,thermal,,,,1,0.0
Chakavelu,1,0,1,,66.0,80.87693706,13.8206676,78.0931259,thermal,,,,1,0.0
Challakere,62,0,62,,204.33898305084745,150.0984102,14.3077527,76.6340638,thermal,,,,3,0.0
Chamarajanagara,1,0,1,,66.0,100.0935236,11.9504756,76.9385296,thermal,,,,1,0.0
Chandakavathe,3,2,1,20.0,110.0,47.64334206,16.9637782,76.1348325,thermal,,,,1,0.0
Chandapura,5,0,5,,66.0,14.540279620000002,12.7986198,77.7077254,thermal,,,,1,0.0
Chandra Layout,3,0,3,,80.66666666666667,4.30710392,12.9586999,77.5287134,thermal,,,,3,0.048360000653521557
Channapatna,18,0,18,,143.0,18.56323427,12.6510379,77.2055036,thermal,,,,3,0.0035219791274151927
Chelur,32,0,32,,181.5,54.37963798,13.4411631,76.9084363,thermal,,,,5,0.0
Chikkajajuru,32,0,27,,108.81481481481481,148.8875797,14.146385,76.1377925,thermal,,,,1,0.0
Chikkanayakanahalli,4,0,4,,220.0,52.39257278,13.4086152,76.6218652,thermal,,,,1,0.0
Chikkodi,199,37,162,22.12121212121212,156.17283950617283,57.88467796,16.4448828,74.5995324,thermal,,,,4,0.0
Chimangala,6,0,6,,168.66666666666666,25.11160578,13.3096364,77.9089203,thermal,,,,2,0.0
Chincholi,7,0,7,,110.0,76.6079894,17.4419795,77.4255338,thermal,,,,1,0.0
Chintamani Substation,27,0,27,,83.11111111111111,43.95044745,13.3822964,78.0665467,thermal,,,,1,0.0
Chitapur,12,1,11,,110.0,29.57515644,17.1315748,77.0914022,thermal,,,,2,0.0
Chitradurga Traction,72,20,52,100.0,158.80769230769232,146.0309236,14.234461200000002,76.4375206,thermal,,,,4,0.0
Chokkasandra,1,0,1,,66.0,6.356116982,12.8736288,77.7294744,thermal,,,,1,0.0
Chowdanakuppe,10,0,10,,158.4,26.429641660000005,12.8654871,77.1093487,thermal,,,,2,0.0
Chowdapur,7,0,7,,125.71428571428571,59.94100003,17.2320026,76.55186919999998,thermal,,,,2,0.0
Cleanmax,1,1,0,,,35.21017007,17.1109095,77.239358,thermal,,,,1,0.0
Daddi,26,8,18,11.25,110.0,19.0432958,16.0874133,74.4621461,thermal,,,,3,0.0
Dambal,104,2,102,15.0,110.0,125.1348627,15.3086732,75.7663387,thermal,,,,3,0.0
Davanagere,49,8,41,100.0,210.6829268292683,118.5710137,14.433929,75.925413,thermal,,,,4,0.0
Devanagaon,5,1,4,10.0,110.0,74.11907163,17.1556508,76.3135089,thermal,,,,2,0.0
Devaragennur,8,6,2,10.0,110.0,38.84623093,16.5200138,75.5169798,thermal,,,,3,0.0
Devarahipparagi,1,0,1,,110.0,39.99186229,16.8244778,76.0912581,thermal,,,,1,0.0
Dhavleshwar,10,9,1,11.11111111111111,110.0,74.45713009,16.3436169,75.0762814,thermal,,,,2,0.0
Dhulked,1,0,1,,110.0,65.77054448,17.3926654,75.8384536,thermal,,,,1,0.0
Dibburahalli,30,0,30,,66.0,45.11674903,13.556547,77.9015783,thermal,,,,4,0.0
Doddaguni,8,2,6,12.5,183.33333333333334,40.43489859,13.327228,76.7433669,thermal,,,,2,0.0
Doni,68,5,63,,280.0,124.2771427,15.3287345,75.739838,thermal,,,,6,0.1158541746805168
Dubalgundi,4,3,1,,110.0,109.3410265,17.8514339,77.1805004,thermal,,,,2,0.0
Electronic City Phase 2,13,0,13,,66.0,8.429319532,12.844558,77.6758892,thermal,,,,3,0.0005061851099231166
Enercon,16,0,16,,189.75,66.8324058,15.8079155,75.1412394,thermal,,,,5,0.053911234905298464
Enercon Bellati,8,0,8,,110.0,110.9436903,15.1056765,75.7457946,thermal,,,,2,0.0
Essur,2,0,2,,110.0,71.23837291,14.2177409,75.3527467,hydro,,,,2,0.010664781276216704
Exora,10,0,10,,112.2,1.6297264429999998,12.9379879,77.6972865,thermal,,,,2,0.0
GULBARGA,1208,499,707,,126.7015558698727,,,,thermal,,,,100,0.1979139388473236
Gabbur,14,1,13,,110.0,56.56254912000001,16.2989028,77.15125909999999,thermal,,,,1,0.0
Gadag,186,43,143,14.210526315789474,150.76923076923077,120.2441931,15.416571899999997,75.6036712,thermal,,,,4,0.0
Gajendragad,111,26,85,16.153846153846153,110.0,123.7811042,15.7319109,75.9925285,thermal,,,,3,0.0
Galaga,19,0,19,,110.0,70.01094908,16.2551225,76.8293582,thermal,,,,1,0.0
Gamesha Ron,4,0,4,,110.0,130.7802359,15.6370696,75.7424483,thermal,,,,2,0.0
Ganadala,1,0,1,,110.0,143.3052555,15.6550773,76.3052193,thermal,,,,1,0.0
Gandasi,15,1,14,,110.0,56.73146865,13.1599546,76.3039765,thermal,,,,1,0.0
Gangavathi Sub Station,2,0,2,,110.0,159.0909579,15.5407482,76.4520333,thermal,,,,1,0.0
Ganjigunte,49,0,49,,66.0,43.83257646,13.4908086,77.9781184,thermal,,,,4,0.0
Gem Sugars,1,1,0,,,64.1550442,16.2640349,75.5302791,thermal,,,,1,0.0
Gerusoppa,1,0,1,,220.0,45.15156651,14.2516604,74.6751354,hydro,,,,1,0.0
Ghataprabha,171,22,149,14.090909090909092,143.2214765100671,44.14016085,16.2350664,74.7918742,thermal,,,,4,0.0
Girisagar,1,0,1,,110.0,51.47588232,16.3503655,75.6962964,hydro,,,,1,0.0
Giriyapura,15,5,10,,66.0,102.9264017,14.8803342,75.7614259,thermal,,,,3,0.0
Godur,8,0,8,,66.0,24.66194526,12.6684764,77.5365995,thermal,,,,3,0.0005061851099231166
Gokak,51,29,22,19.310344827586206,105.5,42.15964986,16.1612844,74.8407285,thermal,,,,4,0.0
Gokula,11,0,11,,66.0,2.268505454,13.044173900000002,77.5538825,thermal,,,,2,0.0
Golf Links Substation,29,0,29,,66.0,2.269423171,12.9537098,77.6413638,thermal,,,,3,0.0
Gopankoppa,84,3,81,13.333333333333334,110.0,89.4641598,15.3793028,75.1395548,thermal,,,,4,0.0
Gubbi,6,0,6,,220.0,42.18464272,13.3168845,76.937274,thermal,,,,2,0.0
Guddadahalli,5,0,5,,400.0,172.3721084,15.3628601,76.2861421,thermal,,,,3,0.04101547048794698
Guddenahalli,11,0,11,,66.0,28.36273826,12.7226626,76.7109143,thermal,,,,1,0.0
Gudekote,35,3,32,,70.8125,193.7487518,14.8282948,76.6307872,thermal,,,,5,0.0035219791274151927
Gudibanda,5,0,5,,66.0,52.68346604,13.671078099999999,77.6994318,thermal,,,,2,0.0
Gulbarga,88,87,1,,220.0,54.83459929,17.3593776,76.8393951,thermal,,,,4,0.0
Gulbarga South,1,0,1,,110.0,49.99783307,17.3109938,76.8304447,thermal,,,,1,0.0
Gulbarga West,3,1,2,,110.0,54.53944604,17.3451108,76.8034774,thermal,,,,2,0.0012039689713556959
Guledagudda,23,20,3,13.5,110.0,83.69347266,16.0654907,75.8081606,thermal,,,,2,0.0
Gundlupet,19,0,19,,66.0,89.58099697,11.833832,76.675702,thermal,,,,2,0.0
Gurgunta,4,0,4,,110.0,78.31640657,16.2736685,76.6213993,thermal,,,,1,0.0
Gurupura,27,0,27,,110.0,15.536849300000002,12.9474148,74.922424,thermal,,,,3,0.0002984148018394592
Guruvayanakere,2,2,0,,,48.85351837,12.9904997,75.2442092,hydro,,,,1,0.0
Guttal,99,23,76,17.82608695652174,110.0,87.93095818,14.8402022,75.6281756,thermal,,,,3,0.0
Guttur New,70,3,66,163.75,213.84848484848484,105.9220002,14.5498407,75.8228495,thermal,,,,3,0.0
HAL Substation,8,1,7,,66.0,2.399305898,12.9686272,77.6622395,thermal,,,,2,0.0
HASAN,715,330,385,,130.82077922077923,,,,thermal,,,,36,0.061469574579846996
HASSAN,6153,2560,3517,12.5,116.66704577765141,,,,thermal,,,,77,0.14194550425036723
HASSAN LINE,412,0,411,,113.21167883211679,,,,thermal,,,,30,0.03491841059146175
HASSAN TRANSFORMER,239,214,9,,90.44444444444444,,,,thermal,,,,9,0.026076014785900038
HBR Layout,11,0,11,,80.0,1.513083948,13.0299995,77.6277988,thermal,,,,1,0.0
HMT,19,0,19,,66.0,2.404209724,13.0502974,77.5471452,thermal,,,,4,0.00402816423733831
HSR Layout Substation,4,0,4,,66.0,1.410585962,12.9022267,77.6495638,thermal,,,,1,0.0
Hadavanahalli,11,1,10,100.0,112.2,55.281778030000005,12.843026299999998,76.2943879,thermal,,,,3,0.0
Hagare,8,0,8,,66.0,88.81837401,13.1328934,75.9866178,thermal,,,,1,0.0
Halagur,23,2,21,,66.0,38.85234679,12.4260522,77.2442946,thermal,,,,2,0.0
Halavarti,3,0,3,,110.0,165.9016364,15.307070099999999,76.2147776,thermal,,,,1,0.0
Halbarga,28,3,25,,123.2,113.9656482,17.9126622,77.3678013,thermal,,,,3,0.0
Halkurike,1,0,1,,66.0,55.70992099,13.3657575,76.4780103,thermal,,,,1,0.0
Haluvagilu,3,3,0,56.25,,102.1057991,14.7137592,75.7862489,thermal,,,,2,0.0028255863872302224
Halyal,31,15,16,12.666666666666666,110.0,73.2120748,15.3129406,74.7711488,thermal,,,,3,0.0
Hampapura,109,1,108,,66.4074074074074,93.96135402000002,12.1215937,76.47171749999998,thermal,,,,3,0.0
Hampasagara,2,1,1,,66.0,138.6749834,15.1154384,76.0276662,thermal,,,,2,0.0466592829119723
Hanagal,44,31,13,18.70967741935484,72.76923076923077,196.69454780000004,14.7330795,76.6999148,thermal,,,,5,0.018956006225164662
Hanagodu,23,1,22,,66.0,92.96469109,12.2483813,76.1890592,thermal,,,,3,0.0
Hanamasagara,8,1,7,12.5,88.0,111.9521564,15.8622516,76.0611706,thermal,,,,1,0.0
Hanawala,22,0,22,,110.0,156.7102443,15.5202084,76.547284,thermal,,,,1,0.0
Hanbal,60,0,60,,66.0,98.62414794,13.0048264,75.703996,thermal,,,,2,0.0
Handanakere,25,3,22,15.0,215.0,69.05910206,13.5009152,76.4638883,thermal,,,,1,0.0
Hangal,35,18,17,15.76923076923077,80.23529411764706,35.21604214,14.788144499999998,75.1218081,thermal,,,,7,0.059819441555411586
Hangala,11,0,11,,66.0,81.87081107,11.7443244,76.6421175,thermal,,,,1,0.0
Harave,11,1,10,,66.0,107.7628219,11.9355396,76.8176253,thermal,,,,2,0.0
Hariyabbe,90,11,75,9.8,89.85915492957747,121.337202,14.0572802,76.8093009,thermal,,,,3,0.0
Harohalli,1,0,1,,66.0,17.25144413,12.6722317,77.4576744,thermal,,,,1,0.0
Hassan,176,1,174,,87.25287356321839,64.58641184,12.991909600000001,76.1930286,thermal,,,,6,0.020948364620981538
Hattaragi,29,14,15,17.857142857142858,110.0,23.74109187,16.1418516,74.5159197,thermal,,,,4,0.0
Haveri,213,0,213,,269.85915492957747,62.19599979,14.8008744,75.3903124,thermal,,,,6,0.0
Hebbal Substation,72,7,65,,167.87692307692308,3.6209118319999996,13.0305136,77.5823758,thermal,,,,5,0.0
Hebbani,216,1,215,,98.23255813953489,51.9156199,12.3392708,77.134476,thermal,,,,6,0.005600332581279613
Hebburu,1,0,1,,66.0,33.36876164,13.1519425,77.0305193,thermal,,,,1,0.0
Heggunje,10,0,10,,154.0,55.47960448,13.506124599999998,74.8370879,thermal,,,,2,0.0
Hidakal,13,9,4,18.88888888888889,110.0,73.07866405,16.4539067,74.9405671,thermal,,,,2,0.0
Hirebagewadi,17,0,17,,116.47058823529412,22.81904627,15.758332,74.6480315,thermal,,,,2,0.0
Hirebevanura,14,0,14,,110.0,59.38012643999999,17.2378754,76.0539562,thermal,,,,2,0.0
Hiregonnagara,11,0,11,,110.0,115.2923652,15.802137899999998,75.956424,thermal,,,,1,0.0
Hireguntur,3,0,3,,117.33333333333333,149.8827525,14.2222342,76.2850859,thermal,,,,1,0.0
Hirehala,15,0,15,,110.0,113.9623228,15.789007,75.7621769,thermal,,,,3,0.0
Hirekerur,82,17,65,15.882352941176471,113.38461538461539,63.79127593,14.450368700000002,75.4063055,thermal,,,,4,0.0
Hiremural,4,0,4,,110.0,76.8328702,16.3069319,76.2066389,thermal,,,,3,0.036646426097079465
Hiresindhogi,1,1,0,,,153.8307398,15.3060452,76.0876589,thermal,,,,1,0.0
Hirisave,2,0,2,,66.0,23.854887,12.9522586,76.5688448,thermal,,,,1,0.0
Hiriyadka,41,0,41,,112.6829268292683,38.52053322,13.346543200000001,74.8736323,thermal,,,,3,0.0
Hiriyuru,44,8,36,,147.27777777777777,113.4956635,13.9739831,76.6217661,thermal,,,,4,0.0
Honaga,3,0,3,,110.0,3.3305346519999994,15.9581098,74.5231261,thermal,,,,2,0.0
Honnali,26,0,26,,148.92307692307693,100.6718137,14.2173655,75.6765942,thermal,,,,3,0.0
Honnalli,234,13,220,29.1,169.1,100.5251216,11.8334318,76.9107348,thermal,,,,8,0.00270478983815003
Honnavalli,20,2,18,10.0,110.0,58.62983495000001,13.3196698,76.3866922,thermal,,,,4,0.02681747550374741
Hoody Traction,13,0,13,,162.76923076923077,2.569577572,12.9966455,77.7277991,thermal,,,,2,0.0
Hosadurga,84,15,68,25.3125,149.13432835820896,112.68166330000001,13.8280023,76.2403831,thermal,,,,3,0.0
Hosakere,12,2,10,60.0,100.22222222222223,81.81038377,13.7598621,77.2005176,thermal,,,,3,0.0
Hosangadi,18,0,18,,110.0,78.19437968,13.6947399,74.9537306,thermal,,,,1,0.0
Hoskote,34,0,34,,66.0,11.89050436,13.0722055,77.7887654,thermal,,,,4,0.0
Hosur,10,0,10,,220.0,23.47180765,12.7279265,77.8135228,thermal,,,,2,0.0
Hosur Gate,7,0,7,,66.0,94.5522759,12.2365047,76.2709895,thermal,,,,2,0.0
Hubli,255,17,238,17.647058823529413,186.07563025210084,83.93575817,15.3283704,75.1234929,thermal,,,,4,0.0
Hudali,71,9,62,10.0,115.3225806451613,15.46702479,15.971864499999999,74.6666746,hydro,,,,4,0.0
Hukkeri,79,24,55,17.391304347826086,118.0,35.25881324,16.2405531,74.5889914,thermal,,,,3,0.0
Hulikal,8,0,8,,110.0,83.64621244,13.7300264,75.0140638,hydro,,,,1,0.0
Huliyar,6,0,6,,146.66666666666666,73.86116809,13.581282199999999,76.5306877,hydro,,,,2,0.0
Huliyurudurga,3,1,1,12.5,66.0,30.420788669999997,12.833128800000003,77.0337086,thermal,,,,1,0.0
Hullenahalli,36,0,36,,78.83333333333333,38.88232222,13.1073988,77.1169053,thermal,,,,4,0.001503584258083319
Humnabad,19,3,16,,130.625,98.10194745,17.7614756,77.0994397,thermal,,,,4,0.03303525563840069
Hunagund,57,9,48,15.555555555555555,110.0,93.12226918000002,16.045548,76.0653959,thermal,,,,2,0.0
Hunsur,107,1,106,,73.26415094339623,90.52595177,12.3131383,76.2904073,thermal,,,,3,0.0
IISc MUSS,3,0,3,,66.0,1.761707149,13.0151688,77.5635497,thermal,,,,1,0.0
ISRO Layout Substation,2,0,2,,66.0,1.008330003,12.8984754,77.5569842,thermal,,,,1,0.0
ITI,34,2,32,,128.5625,0.547964458,13.0050908,77.6865981,thermal,,,,4,0.0
Iggaluru,7,0,7,,66.0,38.62351669000001,12.4741516,77.13610000000001,thermal,,,,3,0.0
Ilakal,6,1,5,20.0,110.0,103.70344289999998,15.9584093,76.1051745,hydro,,,,2,0.0
Indi,38,12,26,10.0,186.15384615384616,46.82699091,17.1648043,75.9576415,thermal,,,,3,0.0
Itagi,58,1,57,,77.57894736842105,138.9806095,14.9560036,76.0879394,thermal,,,,1,0.0
Itnal,74,29,45,17.24137931034483,110.0,67.67238303,16.3961409,74.9349289,thermal,,,,3,0.0
Jadigenahalli,7,0,7,,66.0,16.63885132,13.0569896,77.8456116,thermal,,,,3,0.0
Jagalur,40,4,34,12.5,251.11764705882354,161.1264276,14.5145306,76.3344429,thermal,,,,2,0.0
Jagaluru,1,0,1,,66.0,171.702276,14.5193655,76.4333462,thermal,,,,1,0.0
Jamakhandi,66,13,53,10.0,110.0,56.75552923,16.4987872,75.2958115,thermal,,,,3,0.0
Jambagi,41,0,41,,110.0,64.84178964,16.8323004,75.0031199,thermal,,,,2,0.0
Jambagi KD,1,0,1,,110.0,71.93330438,16.2694034,75.3497505,thermal,,,,1,0.0
Jamkhandi Sugars,25,14,11,10.0,101.0,40.43572741,16.6090595,75.4013179,thermal,,,,2,0.0
Janawada,3,1,2,,110.0,107.26936670000002,17.993049,77.4829335,thermal,,,,2,0.0012039689713556959
Jayadeva,35,0,35,,66.0,1.264296147,12.9200807,77.5990692,thermal,,,,4,0.0
Jayanagar Substation,4,0,4,,66.0,0.752755679,12.9323171,77.58336,thermal,,,,1,0.0
Jewargi,3,0,3,,110.0,26.20942466,17.0120206,76.7760438,thermal,,,,1,0.0
Jigani Substation,6,0,6,,91.66666666666667,15.36404074,12.7756028,77.6448843,thermal,,,,1,0.0
Jindal,9,0,9,,110.0,187.4126607,15.1859954,76.6662587,thermal,,,,2,0.0
K&C Valley Substation,2,0,2,,66.0,3.532371676,12.9425942,77.657882,thermal,,,,1,0.0
KHB Yelahanka,11,0,11,,66.0,8.858152772,13.1092828,77.577364,thermal,,,,2,0.0
KIADB Gamanagatti,1,0,1,,110.0,83.41309609,15.3733937,75.0528834,thermal,,,,1,0.0
KIADB Substation,18,7,11,68.0,96.0,0.498806155,13.1500692,77.7015097,thermal,,,,3,0.0
KR Nagar,24,1,23,,66.0,73.52576777,12.4323077,76.3886957,thermal,,,,2,0.0
Kadaba,7,0,7,,220.0,32.31895655,13.248033699999999,76.8616911,thermal,,,,2,0.0
Kadabahalli,1,0,1,,66.0,16.12638888,12.9605622,76.6398086,thermal,,,,1,0.0
Kadaganchii,21,1,20,,110.0,70.50045013,17.4442885,76.6696452,thermal,,,,2,0.0
Kadakola,416,0,416,,117.9375,85.8004468,12.2036755,76.6678355,thermal,,,,2,0.0
Kadanakoppa,56,31,25,14.516129032258064,110.0,74.81453382,15.2668218,75.0484062,thermal,,,,3,0.0
Kadra,2,0,2,,220.0,58.81610064,14.8963792,74.3528244,thermal,,,,1,0.0
Kaduru,271,0,271,,118.11808118081181,109.6154186,13.5779068,75.9942004,thermal,,,,3,0.0
Kagwad,15,14,1,18.571428571428573,110.0,42.57634805,16.703592,74.7150524,thermal,,,,3,0.0
Kaiga,30,0,30,,400.0,50.80081335,14.8619698,74.4380583,thermal,,,,2,0.0
Kakamari,1,0,1,,220.0,44.94127519,16.8572834,75.2960118,thermal,,,,1,0.0
Kaladagi,41,32,9,18.125,110.0,72.34511687,16.1986743,75.4920369,thermal,,,,3,0.0
Kalaghatagi,55,37,18,19.18918918918919,110.0,65.18112593,15.1931758,74.9881628,thermal,,,,4,0.009153709530478938
Kalamaranahalli,19,2,17,,93.17647058823529,127.86322419999999,14.1159357,76.7652949,thermal,,,,2,0.0
Kallur,12,0,12,,210.83333333333334,24.21417946,13.179601,76.8333185,thermal,,,,3,0.009898864223150007
Kallusadarahalli,3,3,0,,,80.79153671,13.473233900000002,76.2538785,thermal,,,,1,0.0
Kamalapura,4,1,3,,110.0,183.1941274,15.288687,76.4803295,thermal,,,,2,0.0
Kamalnagar,3,0,3,,110.0,145.8726238,18.2317384,77.2100005,thermal,,,,1,0.0
Kampalapura,2,0,2,,66.0,96.43463659,12.3401092,76.1735118,hydro,,,,1,0.0
Kampli,7,0,7,,110.0,166.8522864,15.394037,76.6202902,thermal,,,,1,0.0
Kanagala,45,8,37,31.428571428571427,167.67567567567568,47.93072854,16.349005,74.4294689,thermal,,,,5,0.0
Kanakagiri,15,0,15,,110.0,157.9019952,15.5659108,76.4231238,thermal,,,,1,0.0
Kanakapura,57,0,57,,201.08771929824562,27.43098647,12.5349855,77.4211698,thermal,,,,1,0.0
Kanbargi,61,13,48,14.615384615384615,110.0,5.21764012,15.8874985,74.55245,thermal,,,,3,0.0
Karajagi,6,1,5,,110.0,74.61765416,17.2806423,76.2190377,thermal,,,,2,0.0
Karaya,10,0,10,,66.0,50.64766833,12.8809373,75.2422198,thermal,,,,1,0.0
Karkala,32,1,31,,110.0,28.71886649,13.1967826,74.975738,thermal,,,,3,0.0
Karwar,79,4,75,20.0,167.2,55.25952607000001,14.809802600000001,74.1664707,thermal,,,,3,0.0
Katarki,6,0,6,,110.0,67.2666888,16.2444781,75.49986,thermal,,,,3,0.0
Kattige,53,3,50,8.0,66.0,88.15485141,14.2192644,75.5452159,thermal,,,,3,0.0
Kavalwad,18,10,8,11.0,110.0,65.26484723,15.2106517,74.8702191,thermal,,,,3,0.0
Kavatagi LIS,7,0,7,,204.28571428571428,42.52236401,16.5480778,75.4277521,thermal,,,,2,0.0
Kavital,1,0,1,,110.0,88.4597556,16.0897251,76.786881,thermal,,,,1,0.0
Kavoor,154,0,154,,141.42857142857142,11.7635635,12.9256097,74.8605385,thermal,,,,3,0.0
Kembhavi,14,0,14,,110.0,55.19008422999999,16.6645315,76.5204581,thermal,,,,1,0.0
Kerur,80,8,72,18.75,110.0,91.22837325,16.0089056,75.5454795,hydro,,,,2,0.0
Khadaklat,40,29,11,10.344827586206897,110.0,56.54125234000001,16.4414079,74.4710901,thermal,,,,3,0.0
Khanapur,103,0,103,,110.0,52.36081502999999,16.489281,77.5067236,thermal,,,,3,0.0
Khodays Glass Factory Substation,7,0,7,,88.0,2.031925874,12.873592399999998,77.5657202,thermal,,,,1,0.0
Kiravatti,36,5,31,18.0,110.0,49.27786958,15.0668463,74.8670359,thermal,,,,3,0.0
Kittadahalli,42,0,42,,110.0,70.59755807,14.3255249,75.4200943,thermal,,,,3,0.0
Kittur,14,1,13,,86.3076923076923,47.31337227,15.5801618,74.7827081,thermal,,,,5,0.03584682289570442
Kogli,4,1,3,,66.0,145.5088669,14.9313146,76.1571624,thermal,,,,2,0.0
Kolar Sub Station,51,0,51,,72.03921568627452,45.1723696,13.1268764,78.1190045,thermal,,,,4,0.0
Konaje,140,0,140,,110.0,25.97850648,12.8178161,74.9315052,thermal,,,,3,0.0
Kondaspura,3,0,3,,66.0,6.980681184999999,13.037788,77.7547392,thermal,,,,1,0.0
Konkal,22,0,22,,115.0,25.386715190000004,16.7657886,77.3789272,thermal,,,,1,0.0
Konnur,37,0,37,,110.0,102.9779194,15.8531128,75.4888279,thermal,,,,3,0.0
Koppa,18,1,17,,66.0,32.52720013,12.72003,76.950502,thermal,,,,3,0.0
Koppal,29,2,27,,203.7037037037037,148.4932786,15.3666054,75.9908679,thermal,,,,5,0.06754534053121249
Koramangala Substation,10,0,10,,127.6,1.044550449,12.9431625,77.6240378,thermal,,,,1,0.0
Korwar Temple,7,1,6,,110.0,51.26632582,17.3369394,77.0852615,thermal,,,,2,0.0
Kotabagi LIS,1,0,1,,110.0,40.56474386,16.2681455,74.6682984,thermal,,,,1,0.0
Kudachi,90,15,74,15.0,169.45945945945945,60.6027218,16.6140465,74.8568848,thermal,,,,4,0.0
Kudal Sangam,7,1,6,10.0,110.0,76.18343895,16.1962843,76.0271614,thermal,,,,2,0.0
Kudligi,28,5,23,,81.30434782608695,167.51241379999996,14.8995068,76.3732556,thermal,,,,3,0.0
Kuduru,1,0,1,,66.0,40.20324107,13.0916917,77.1675106,thermal,,,,1,0.0
Kulagod,1,0,1,,110.0,65.11479926,16.2364769,75.0476348,thermal,,,,1,0.0
Kulgeri Cross,133,51,82,16.666666666666668,110.0,101.794987,15.9194557,75.5078285,thermal,,,,3,0.0
Kumbalagodu,7,0,7,,66.0,12.23368408,12.8704224,77.44520150000001,hydro,,,,3,0.0
Kumta,74,4,70,10.0,110.0,49.21794057,14.452580900000001,74.4201299,thermal,,,,3,0.0
Kundapura,20,2,18,,110.0,68.3894724,13.616272599999999,74.6937246,thermal,,,,3,0.0002984148018394592
Kundur,20,0,20,,89.1,107.1496881,14.2771895,75.7698354,thermal,,,,3,0.0
Kunigal,21,2,19,20.0,177.22222222222223,33.21257738,13.028358,77.0883572,thermal,,,,5,0.04273864647938461
Kurugodu,8,2,6,,110.0,167.0091464,15.3371457,76.825757,thermal,,,,2,0.0
Kushalnagar,202,5,197,,67.56345177664974,105.7489343,12.457139699999999,75.9650564,thermal,,,,3,0.0
Kushtagi,50,1,49,,116.73469387755102,126.82303380000002,15.7669735,76.1895442,thermal,,,,4,0.0
Kyasamballa,1,0,1,,66.0,46.24908071,12.9571861,78.3435403,thermal,,,,1,0.0
LIS,37,0,37,,217.02702702702703,101.2489033,12.4986293,75.9875134,hydro,,,,2,0.0
Ladha,2,0,2,,110.0,128.117786,18.0352124,77.0724701,hydro,,,,1,0.0
Latur,1,1,0,,,172.6198331,18.3923105,76.5899137,thermal,,,,1,0.0
Laxmeshwar,57,33,24,12.727272727272727,110.0,86.83773249,15.1268635,75.460102,thermal,,,,4,0.0
Lingadahalli,33,2,31,,120.64516129032258,129.1546301,14.1802165,77.0594303,thermal,,,,5,0.0025456354908409713
Lingapura,12,0,12,,220.0,175.7366071,15.296198600000002,76.3222916,thermal,,,,1,0.0
Lingasugur,88,0,88,,182.5,94.14749299,16.1696555,76.513668,thermal,,,,2,0.0
Lokapur,36,22,14,12.272727272727273,110.0,84.08825583,16.1356512,75.3649048,thermal,,,,3,0.0
MEI Layout,6,0,6,,66.0,4.354220946,13.061539000000002,77.5061764,thermal,,,,3,0.008284930472390026
MK Hubli,67,27,40,16.296296296296298,143.0,34.78848317,15.677049400000001,74.722299,thermal,,,,4,0.0
MYSORE,4059,2095,1964,,71.72403258655804,,,,thermal,,,,76,0.09010204464266951
MYSORE LINE,101,0,101,,69.04950495049505,,,,thermal,,,,32,0.055027657331281815
MYSORE TRANSFORMER,105,105,0,,,,,,thermal,,,,3,0.003418803418803419
Machhe,32,24,8,19.130434782608695,110.0,17.07008925,15.7875291,74.466494,hydro,,,,3,0.0
Madalapura,3,1,2,,110.0,95.14284015,15.9533081,77.0933409,thermal,,,,1,0.0
Maddur,30,1,29,,71.3103448275862,48.49257691,16.8494667,77.5979839,thermal,,,,2,0.0
Madhugiri,160,18,142,13.125,181.7810218978102,71.35900958,13.666551800000002,77.2356812,thermal,,,,6,0.03017825494187758
Madhuvana,34,0,34,,110.0,56.58621425,13.5155716,74.744099,thermal,,,,3,0.0
Madhuvanahally,226,1,225,,74.21333333333334,71.30023898,12.1408966,77.1805858,thermal,,,,2,0.0
Madyal,2,0,2,,110.0,77.30208603,17.3937953,76.4873625,thermal,,,,1,0.0
Magadi,37,0,37,,99.29729729729729,23.5748727,12.9226078,77.1846628,thermal,,,,5,0.0
Mahalakshmi Layout,11,0,11,,66.0,0.214702661,13.0011372,77.5482938,thermal,,,,2,0.0
Mahalingapura,198,2,196,20.0,206.53061224489795,79.29665159,16.405136,75.1052164,thermal,,,,3,0.0
Malebennuru,28,4,23,7.35,213.30434782608697,101.3830171,14.364969,75.744377,thermal,,,,3,0.0
Malghan,69,13,56,16.153846153846153,110.0,65.06362827,17.0267182,76.2850446,thermal,,,,3,0.0
Mallapur MHS,2,0,2,,110.0,175.0909508,15.377076,76.4594087,thermal,,,,1,0.0
Mallat,50,7,43,,130.46511627906978,78.22681397,16.1352582,76.9283296,thermal,,,,5,0.007985432524227192
Malur Substation,19,0,19,,82.21052631578948,26.22144423,13.0121925,77.9782607,thermal,,,,1,0.0
Mamadapura,75,24,51,19.583333333333332,109.13725490196079,33.72825949,16.5328876,75.5940518,thermal,,,,3,0.0
Mamdapurar,1,1,0,10.0,,45.85970398,16.0916688,74.9233012,thermal,,,,1,0.0
Mandewal,6,0,6,,110.0,48.244024,17.0050302,76.548153,thermal,,,,1,0.0
Mandya Power Sub station,32,0,32,,66.0,50.09167754,12.5258647,76.8857412,thermal,,,,1,0.0
Manipal,71,0,71,,110.0,35.90410333,13.3318237,74.7881925,thermal,,,,3,0.0
Manthur,6,6,0,18.333333333333332,,62.42562887,16.3718132,75.3533618,thermal,,,,2,0.0
Manvi,10,0,10,,110.0,91.09624169,15.9930078,77.052982,thermal,,,,1,0.0
Manyata,72,0,72,,66.0,0.742377242,13.048141,77.619209,thermal,,,,4,0.0
Maralavadi,37,0,37,,66.0,25.90875698,12.6128738,77.5110717,thermal,,,,4,0.0
Mareguddi,1,1,0,10.0,,59.0978753,16.4384521,75.3221201,thermal,,,,1,0.0
Margutti Cross,7,0,7,,110.0,83.86918093,17.639186,77.028131,thermal,,,,1,0.0
Masuti,4,0,4,,220.0,34.80978103,16.5094973,75.7961288,thermal,,,,2,0.0
Mathikere,35,0,35,,66.0,1.748746046,13.036751,77.5584598,thermal,,,,4,0.006106517691202731
Mathodu,69,9,57,12.5,141.64912280701753,98.86090778,13.7761592,76.411529,thermal,,,,3,0.0
Mattanavile,17,0,17,,66.0,31.116543259999997,12.9346321,76.5032128,thermal,,,,2,0.0
Mattikere,1,0,1,,66.0,1.898099414,13.0382131,77.5586525,,,,,1,0.0
Mavali,1,0,1,,110.0,44.33955929,14.3806558,75.1675589,thermal,,,,1,0.0
Meghalapura,27,2,25,,66.0,79.47106388,12.2522118,76.8198995,thermal,,,,3,0.0037782280079641612
Melligeri,25,4,21,10.0,115.23809523809524,59.24252618,16.3542341,75.4329286,thermal,,,,3,0.0
Midigeshi,10,1,9,100.0,134.44444444444446,87.89168767,13.8304875,77.2047634,thermal,,,,1,0.0
Mittemari,35,0,35,,136.0,57.91917401,13.6973305,77.8578047,hydro,,,,4,0.000496823741475367
Moodabidre,5,0,5,,110.0,21.61549693,13.0877958,74.9761072,thermal,,,,1,0.0
Mortagi,18,18,0,10.588235294117647,,62.28216199,17.0000279,76.4110491,hydro,,,,2,0.0
Mudalgi,9,5,4,16.0,110.0,63.58633341,16.3324639,74.9507073,thermal,,,,2,0.0
Muddebihal,35,14,21,18.571428571428573,110.0,69.32160765,16.3315859,76.1290927,thermal,,,,3,0.0
Mudgal,4,0,4,,110.0,112.1779092,16.0186769,76.4472212,thermal,,,,1,0.0
Mudhol,17,9,8,20.0,110.0,70.52645934,16.324667,75.2933523,thermal,,,,4,0.0
Mudigere,43,0,43,,66.0,93.15198948,13.1379807,75.6434708,thermal,,,,2,0.0
Mudiyanur,39,0,39,,66.0,65.41957744,13.2245271,78.3112979,thermal,,,,4,0.0
Mughalkod,102,4,98,10.0,147.0408163265306,54.97491129,16.3638167,74.7735697,thermal,,,,4,0.0
Muguru,49,1,48,,66.0,82.27468594,12.1237381,76.952726,thermal,,,,1,0.0
Mukarthihal,27,19,8,16.31578947368421,110.0,45.04781253,16.4774772,75.9528189,thermal,,,,4,0.0
Mukunda,4,0,4,,110.0,137.6445254,15.6125537,76.8081109,thermal,,,,1,0.0
Mulbagal,78,0,78,,66.0,67.71905934,13.158828099999997,78.3925388,thermal,,,,4,0.0
Munavalli,45,31,14,14.516129032258064,117.85714285714286,64.58904119,15.8472995,75.1271131,thermal,,,,3,0.0
Mundaganura,2,2,0,20.0,,46.99087693,16.4889723,75.432471,thermal,,,,2,0.004497209387702993
Mundagoda,22,16,6,13.75,110.0,44.62047481,14.9764608,75.0406613,thermal,,,,2,0.0
Mundaragi,34,19,15,17.894736842105264,117.33333333333333,129.8722327,15.218175999999998,75.8824146,thermal,,,,4,0.009153709530478938
Munirabad Sub Station,37,0,37,,88.5945945945946,175.119737,15.2666853,76.3298674,thermal,,,,1,0.0
Murdeswara,31,9,22,11.11111111111111,103.0,68.72321825,14.10033,74.5033199,thermal,,,,3,0.0
Mylasandra Substation,1,0,1,,220.0,8.126136349,12.8428368,77.6242286,thermal,,,,1,0.0
NIMHANS Substation,5,0,5,,66.0,1.274699124,12.941456499999997,77.5915395,thermal,,,,1,0.0
NRS Substation (Rajajinagar),6,0,6,,66.0,1.11221309,12.9900641,77.550953,thermal,,,,1,0.0
Nagamangala,135,2,133,,106.52631578947368,14.99119322,12.834493,76.7592317,thermal,,,,4,0.0
Naganoor,5,0,5,,110.0,44.56160027,16.6959965,76.6158309,thermal,,,,1,0.0
Naganur,10,2,8,10.0,110.0,59.69404743,16.3133383,74.9189967,thermal,,,,3,0.0
Nagasamudra,20,1,19,20.0,66.0,204.9890588,14.8093022,76.7458902,thermal,,,,3,0.0
Nagenahalli,13,0,13,,110.0,104.2441023,13.4215353,75.9467762,thermal,,,,1,0.0
Nalwar,13,0,13,,110.0,6.575300740000001,16.9386414,77.0126826,thermal,,,,1,0.0
Nandikur,35,0,35,,110.0,15.39984454,13.1470754,74.8044137,thermal,,,,2,0.0
Nangali,1,0,1,,66.0,78.74765511,13.1971241,78.5176168,thermal,,,,1,0.0
Narayanpur,1,0,1,,66.0,91.42128987,16.2527871,76.3435237,hydro,,,,1,0.0
Naregal,25,6,19,10.0,110.0,138.5882271,15.5693383,75.802168,thermal,,,,2,0.0
Narendra,211,6,205,100.0,211.78536585365853,65.81821798,15.498935,74.9519454,thermal,,,,5,0.0
Nargund,12,1,11,10.0,110.0,94.38482076999999,15.7289879,75.3866475,thermal,,,,2,0.0
Narsapur,2,0,2,,66.0,29.53911015,17.7573974,78.3891651,thermal,,,,1,0.0
Navalagi,79,49,30,18.775510204081634,110.0,68.44234329,16.4672352,75.1841906,thermal,,,,4,0.0
Navalgund,55,15,40,11.333333333333334,110.0,96.6110759,15.547533000000001,75.34031289999999,thermal,,,,3,0.0
Navanagara,80,1,79,10.0,110.0,74.2836246,16.1472387,75.6571827,hydro,,,,2,0.0
Nayakana Hatti,13,1,12,,104.5,168.9266889,14.467984099999999,76.5520614,thermal,,,,2,0.0
Nelamangala,16,0,16,,289.125,17.74883732,13.1077327,77.3889335,thermal,,,,5,0.0015309181997801601
Nidagundi,15,12,3,16.666666666666668,110.0,54.75201855,16.3649066,75.9288878,thermal,,,,2,0.0
Nippani,25,13,12,19.23076923076923,110.0,54.47374825,16.4020915,74.3977847,thermal,,,,2,0.0
Nitrahalli,8,0,8,,200.75,61.1033944,13.6125088,77.3177128,thermal,,,,1,0.0
Nitturu,14,4,9,,134.44444444444446,40.5069688,13.3263781,76.8449256,thermal,,,,5,0.021941065559423396
PG Palya,29,3,26,,66.0,70.72742481000002,11.8956635,77.284807,thermal,,,,3,0.0
Padmanabha Nagar Substation,23,0,23,,66.0,2.141804077,12.922052599999999,77.5607462,thermal,,,,3,0.0
Panniyadhundai,9,0,9,,66.0,99.64246414,11.9959827,76.8597466,thermal,,,,2,0.0
Pathapalya,23,0,23,,66.0,66.16425103,13.7558137,77.91881,thermal,,,,4,0.0
Pavagada,122,5,117,68.0,106.5982905982906,116.5820133,14.133126,77.2167288,thermal,,,,4,0.025927056248507017
Periyapatna,65,2,63,,66.0,98.9179213,12.3229738,76.0964711,thermal,,,,3,0.006825898606720525
Platinum City Power Station,20,0,20,,66.0,0.367430709,13.035502400000002,77.5314806,thermal,,,,4,0.0
Ponnampet,42,1,41,,66.0,78.69075021,12.1516768,75.9436145,thermal,,,,3,0.0
Pottery Road,1,0,1,,66.0,1.783010419,13.0018762,77.6190756,thermal,,,,1,0.0
Puttur,125,2,123,,134.14634146341464,43.29066965,12.8059982,75.1345373,thermal,,,,4,0.0
REMCO,36,3,33,,66.0,4.267413217,12.9456416,77.5310554,thermal,,,,4,0.0
RMV Layout,3,0,3,,66.0,2.33296769,13.0367975,77.5664072,thermal,,,,1,0.0
Rabkavi,8,1,7,,110.0,74.87676822,16.4815684,75.1038637,thermal,,,,2,0.0
Raibagh,77,42,35,16.19047619047619,110.0,63.32090336,16.4893248,74.7606173,thermal,,,,4,0.0
Raichur,54,3,51,,114.31372549019608,69.64607765,16.2099249,77.3400523,thermal,,,,4,0.0035219791274151927
Rajeshwar,1,0,1,,110.0,100.8053236,17.7913932,77.0344617,thermal,,,,1,0.0
Ramadurga,21,4,17,15.0,110.0,83.08611532,15.94749,75.3059798,thermal,,,,3,0.0
Ramagiri Sub Station,28,0,28,,93.5,122.3933236,14.2815496,77.5120833,thermal,,,,2,0.0
Ramanagara,5,0,5,,66.0,6.898891101000001,12.7157939,77.2918997,thermal,,,,1,0.0
Ramankoppa,33,9,24,11.11111111111111,110.0,68.18759817,15.1630748,75.1447241,thermal,,,,3,0.0
Ramapura,28,5,23,12.5,81.4,60.66903816,16.2942159,75.8922497,thermal,,,,8,0.04843802726736035
Ramasamudra Sub Station,34,0,34,,122.94117647058823,6.714169478,16.7865394,77.2036137,thermal,,,,1,0.0
Ranebennuru,126,36,90,13.333333333333334,158.88888888888889,84.22945969,14.6103151,75.6242553,thermal,,,,4,0.0
Rangenahalli,29,0,29,,204.06896551724137,123.4262979,14.0738621,76.7135905,thermal,,,,2,0.0
Rattihalli,41,31,10,15.161290322580646,110.0,74.61057296,14.4249224,75.5033731,thermal,,,,2,0.0
Renew,1,1,0,,,146.7018535,15.5078968,76.9081221,thermal,,,,1,0.0
Renew Solar,3,2,1,,110.0,26.358325840000003,16.6032264,77.0189881,thermal,,,,2,0.0
Ron,121,21,100,12.380952380952381,111.1,123.4545664,15.7040235,75.772793,thermal,,,,4,0.0
Ronihal,10,1,9,10.0,110.0,33.31539815,16.5138494,75.697002,thermal,,,,3,0.0
SRS Peenya Substation,5,0,5,,158.4,1.149838343,13.027416499999998,77.5248582,thermal,,,,1,0.0
Sadalaga,64,26,37,14.23076923076923,110.0,45.99323527,16.5507453,74.532744,thermal,,,,4,0.009153709530478938
Sagara,58,0,58,,109.24137931034483,53.53970781,14.1722403,75.0125187,thermal,,,,4,0.0
Saidapur,8,1,7,10.0,110.0,28.43374707,16.5743934,77.2541242,thermal,,,,3,0.0
Salagame,75,0,75,,66.0,77.48073031,13.0952121,76.0856512,thermal,,,,3,0.0
Salahalli,17,10,7,14.0,110.0,76.7970058,16.0793118,75.2303538,hydro,,,,2,0.0
Sampige,11,0,11,,210.0,30.85008162,13.2418726,76.7558995,thermal,,,,1,0.0
Sanda,6,0,6,,110.0,59.73172388999999,14.2923969,75.2776985,thermal,,,,2,0.0
Sankeshwara,24,10,14,15.0,110.0,36.2145517,16.2531992,74.4999809,thermal,,,,4,0.0
Santemaranahalli,4,0,4,,66.0,88.6235614,12.0438999,76.9832349,hydro,,,,1,0.0
Santhemavatturu,1,0,0,,,26.09338685,12.9508755,77.0287931,hydro,,,,1,0.0
Santhpur,3,1,2,,110.0,122.4017703,18.1567513,77.4264541,thermal,,,,2,0.01279160738635623
Sargur,10,1,9,,100.22222222222223,77.91144979,11.9932573,76.40025,thermal,,,,2,0.0
Sathenahalli,54,0,54,,66.0,49.78549775,13.0596057,76.33908089999998,thermal,,,,4,0.0
Satish Sugars,1,0,1,,110.0,52.32457021,16.2407565,74.8957232,thermal,,,,1,0.0
Satti,5,1,4,,110.0,72.06680045,16.5924618,75.079414,thermal,,,,2,0.0
Saundatti,139,0,139,,214.46043165467626,64.96515254,15.7560829,75.1093364,hydro,,,,2,0.0
Savalagi,7,0,7,,110.0,42.87458159,16.6723373,75.3407939,thermal,,,,3,0.011256728506878314
Savanur,20,0,20,,115.5,65.77189747,14.9837295,75.3275091,thermal,,,,3,0.011256728506878314
Sedam,23,0,23,,153.04347826086956,40.83455746,17.1464547,77.2923363,thermal,,,,2,0.0
Seelanere,3,2,1,,66.0,44.76859624,12.6365854,76.551506,thermal,,,,1,0.0
Shahabad,24,1,23,,143.47826086956522,26.99941441,17.1243948,76.9356325,thermal,,,,2,0.0
Shahapur,126,1,125,,141.68,31.54909797,16.6230011,76.873402,thermal,,,,2,0.0
Shanivarasanthe,25,3,22,,66.0,100.0574663,12.7178805,75.901444,thermal,,,,1,0.0
Sharavathi,3,0,3,,220.0,43.96728418,14.2356225,74.7669081,thermal,,,,1,0.0
Shettikere,2,0,2,,220.0,51.50609185,13.3787105,76.5720091,thermal,,,,1,0.0
Shiggaon Sub Station,12,5,7,10.0,188.57142857142858,59.78488619,15.0147699,75.2239546,thermal,,,,4,0.0
Shiggoan,110,17,93,10.588235294117647,165.59139784946237,58.71534849,15.0082002,75.2166545,thermal,,,,4,0.0
Shikaripura,38,0,38,,110.0,69.05746829,14.2591824,75.360288,thermal,,,,3,0.0
Shimoga,75,0,75,,165.44,113.73722879999998,13.910644900000001,75.5975861,thermal,,,,6,0.0
Shirabur,2,1,1,20.0,110.0,45.84006236,16.4687798,75.478836,hydro,,,,2,0.004497209387702993
Shiraguppi,24,1,23,,124.34782608695652,49.6453447,16.6224429,74.7267446,thermal,,,,2,0.0
Shirgaon,2,2,0,10.0,,38.29002759,16.242207,74.6774394,thermal,,,,2,0.004497209387702993
Shirhatti,7,0,7,,110.0,104.0760029,15.2281819,75.5816999,thermal,,,,2,0.0
Siddapura,8,7,1,10.0,66.0,32.0626597,14.3376806,74.8734907,thermal,,,,3,0.0
Sidlaghatta,2,0,2,,66.0,26.4043792,13.3834617,77.8591555,thermal,,,,1,0.0
Sindagi KEB substation,21,21,0,17.142857142857142,,55.71176959,16.9116147,76.2290057,thermal,,,,3,0.0
Sindhanur,4,0,4,,110.0,120.5372074,15.7849352,76.769734,thermal,,,,1,0.0
Sindhuvallipura,3,1,2,,143.0,102.6263268,12.0502564,76.6727849,thermal,,,,2,0.0
Singatalur,12,12,0,10.0,,122.2597427,15.066899299999998,75.8828396,thermal,,,,2,0.0
Sira,92,2,90,,154.9777777777778,88.72584146,13.7594439,76.8777997,thermal,,,,8,0.02707949797539167
Sirasi,481,47,433,14.222222222222221,171.37644341801385,1.4109575850000002,14.6240511,74.8284479,thermal,,,,4,0.0
Sirigeri Cross,12,0,12,,110.0,157.4354046,15.4109111,76.9024619,thermal,,,,1,0.0
Siruguppa,10,0,10,,110.0,132.9676957,15.631338500000002,76.9198875,thermal,,,,1,0.0
Sirwal,3,0,3,,110.0,8.632311163,16.8267497,76.9320407,thermal,,,,1,0.0
Sirwar,8,0,8,,110.0,70.99791046,16.1766294,77.0421196,thermal,,,,1,0.0
Soladevanahalli,21,0,21,,66.0,7.906981031,13.091022200000001,77.4914798,thermal,,,,3,0.0005061851099231166
Somanahalli Substation,32,0,32,,70.8125,12.81762881,12.7845212,77.5073671,thermal,,,,3,0.0
Somasamudra,3,2,1,,110.0,179.4715692,15.2058685,76.9371101,thermal,,,,2,0.0012039689713556959
Soraba,32,0,32,,110.0,39.25791215,14.3725992,75.097211,thermal,,,,3,0.0
South Solapur,1,0,1,,110.0,96.31800953,17.6333593,76.0066291,thermal,,,,1,0.0
Sovenahalli,23,8,15,,79.2,127.87331080000001,15.1194569,75.9155,thermal,,,,4,0.0
Srinivaspura,6,0,6,,117.33333333333333,60.71934857,13.3551323,78.2447431,thermal,,,,2,0.0
Sriramnagar,1,0,1,,110.0,157.9198937,15.4868734,76.6006815,thermal,,,,1,0.0
St Johns Wood Substation,1,0,1,,66.0,0.57329123,12.9291569,77.6096487,thermal,,,,1,0.0
Subramanyapura Substation,33,0,33,,66.0,1.315493365,12.8968394,77.5469054,thermal,,,,4,0.0
Sultanpur,51,32,19,15.0,110.0,76.0154135,16.4205185,75.0235566,thermal,,,,3,0.0
Supa,2,0,2,,110.0,61.35769438,15.2805392,74.5316969,thermal,,,,1,0.0
Surya City,4,0,4,,66.0,14.86175448,12.7922189,77.7011733,hydro,,,,2,0.0
Suvarna Soudha,41,16,25,11.25,110.0,13.085178179999998,15.817383,74.5687549,thermal,,,,2,0.0
Suzlon,26,1,25,,99.44,142.2065315,15.673783799999999,76.5281227,thermal,,,,6,0.0872873050397572
Suzlon Kurugodu,2,1,1,,110.0,158.9992053,15.4008578,76.8772783,thermal,,,,2,0.03379210675093931
TUMKUR,3195,588,2540,30.183627204030227,146.23779527559054,,,,thermal,,,,85,0.052456119752835616
TUMKUR LINE,194,0,188,,156.09574468085106,,,,thermal,,,,57,0.2482271537765982
TUMKUR TRANSFORMER,56,0,55,,98.07272727272728,,,,thermal,,,,18,0.04012634164445431
Takalaki,54,20,34,11.0,110.0,20.62683827,16.9324883,75.567516,thermal,,,,2,0.0
Talagawara,5,0,5,,66.0,32.49884087,13.3138327,77.9830091,thermal,,,,1,0.0
Talaguppa,12,0,12,,370.0,47.44501284999999,14.201788,74.9025331,hydro,,,,3,0.0
Talavadi,7,0,7,,110.0,88.06881147,11.7645485,77.004468,thermal,,,,2,0.0
Talikoti,32,21,11,12.380952380952381,101.0,71.3444264,16.4818615,76.2893773,thermal,,,,4,0.0
Tamaka,39,0,39,,66.0,49.24684242,13.1259736,78.1607741,thermal,,,,4,0.0
Tarihal,35,12,23,15.0,110.0,83.87268857,15.3651484,75.0497672,thermal,,,,3,0.0
Taripura,12,2,10,,66.0,66.74372246,12.3672175,76.7495917,thermal,,,,3,0.0037782280079641612
Tekkalkote,23,0,23,,110.0,146.135606,15.518070699999999,76.880122,thermal,,,,1,0.0
Telecom Layout Substation,2,0,2,,66.0,2.64874576,12.9668659,77.5458925,thermal,,,,1,0.0
Terakanambi,4,0,4,,66.0,99.68476113,11.8011083,76.7953713,thermal,,,,1,0.0
Terdal,70,24,46,20.0,110.0,78.80202601,16.4874006,75.0586777,thermal,,,,3,0.0
Thimmanahalli,16,1,15,10.0,212.66666666666666,65.77261293,13.5406625,76.6434494,thermal,,,,1,0.0
Tikota,51,15,36,20.0,110.0,21.22411506,16.8388603,75.5181642,thermal,,,,4,0.0
Tiptur,8,0,8,,220.0,48.1574094,13.2651772,76.466731,thermal,,,,2,0.0
Todalbagi,17,8,9,15.0,110.0,36.79225622,16.6291901,75.4283961,thermal,,,,3,0.0
Togarshi,1,0,1,,110.0,43.12428485,14.457093,75.2030352,thermal,,,,1,0.0
Toravi,3,2,1,20.0,110.0,7.509719289,16.8220621,75.6458195,thermal,,,,1,0.0
Tubinakere,198,1,197,,150.4263959390863,52.77947416,12.491768500000001,76.8015381,thermal,,,,5,0.0
Tuminakatte,6,6,0,10.0,,86.09668624,14.4152717,75.6116748,hydro,,,,3,0.016926070502222303
Tumkur,242,23,219,90.78947368421052,209.3827160493827,63.64030118,13.4812089,77.045091,thermal,,,,4,0.0
Tyavaagi,75,3,72,12.5,85.25,119.7284129,14.248176999999998,75.8833449,thermal,,,,3,0.0
UPCL,21,0,21,,280.0,16.89778764,13.160576599999999,74.8044899,thermal,,,,3,0.0
Udakeri,11,0,11,,110.0,46.26786953,15.7187184,74.9025051,thermal,,,,2,0.0
Udyambag,202,7,195,17.142857142857142,109.49230769230769,12.96607956,15.8204634,74.4840947,thermal,,,,3,0.0
Ugar,52,6,46,15.0,110.0,54.18735239,16.6629219,74.8197658,thermal,,,,2,0.0
Ugar Sugars,6,0,6,,110.0,53.92426377,16.7500767,76.4980525,thermal,,,,2,0.0
Ujani,5,2,3,,66.0,120.68607969999998,18.0721478,75.1193606,thermal,,,,3,0.007691835312860536
Ujjini,25,0,25,,66.0,156.126266,14.7333205,76.2886344,thermal,,,,2,0.0
Umachagi,19,1,18,10.0,116.11111111111111,21.0127558,14.813290999999998,74.8372539,thermal,,,,3,0.0
Uttur,103,19,84,19.02777777777778,93.76190476190476,76.29671312,16.3141143,75.2241627,hydro,,,,6,0.005902613159794681
VIdyanagara Substation,1,0,1,,66.0,4.390451629,13.1529069,77.6314947,thermal,,,,1,0.0
Vadgaon,14,8,6,13.75,110.0,11.26902558,15.8273934,74.5272181,thermal,,,,3,0.0
Vajamangala,91,4,87,12.5,119.10344827586206,73.4818275,12.3075089,76.73468,thermal,,,,4,0.0
Vajrabandi,1,0,1,,110.0,133.7666186,15.6704918,76.1082777,thermal,,,,1,0.0
Vajramatti,155,26,129,16.923076923076923,181.62790697674419,67.72116628,16.2944649,75.3823462,thermal,,,,3,0.0
Valkamdinni,1,0,1,,110.0,103.20677,15.913036,76.8863459,thermal,,,,1,0.0
Varahi,175,6,169,,220.0,80.30710636,13.7029772,74.9991632,thermal,,,,3,0.0
Venkatagiri,16,3,13,,110.0,166.8057613,15.4644134,76.448949,thermal,,,,3,0.0
Vestas,1,0,1,,220.0,146.9081587,14.3509853,76.1765968,thermal,,,,1,0.0
Victoria Hospital Substation,2,0,2,,66.0,0.875873348,12.9642082,77.5729734,thermal,,,,1,0.0
Vidyanagar,89,0,89,,66.0,59.12763526,12.5233586,75.015832,thermal,,,,4,0.0
Vijaya Nagar,7,0,7,,66.0,2.648226149,12.9802248,77.5363072,thermal,,,,1,0.0
Vijayapura,14,0,14,,121.0,14.81403527,13.298314,77.7969167,thermal,,,,5,0.02233673714136757
Vijaynagar Sugars,1,0,1,,66.0,121.7768032,15.085892,75.8690705,thermal,,,,1,0.0
Vikas Tech Park Substation,34,0,34,,165.64705882352942,2.42090323,12.9307068,77.6967296,thermal,,,,3,0.0
Virajpet,12,0,12,,60.5,85.58385014,12.201107900000002,75.8137792,thermal,,,,2,0.0
Wadgera,1,0,1,,110.0,28.72672052,16.5531026,77.0977482,thermal,,,,1,0.0
Yadawad,17,11,6,17.272727272727273,110.0,77.16007837,16.2370106,75.1761388,thermal,,,,2,0.0
Yagathi,1,0,1,,110.0,100.6681507,13.6225847,76.1477565,hydro,,,,1,0.0
Yallammanawadi,29,18,11,17.77777777777778,110.0,53.78317466,16.6919228,75.2266646,thermal,,,,3,0.0
Yaragatti,21,13,8,20.0,110.0,53.49528014,15.963896300000002,75.0281504,thermal,,,,2,0.0
Yelahanka,6,0,6,,66.0,8.300609766,13.0986592,77.5703167,thermal,,,,1,0.0
Yelanduru,50,1,49,,66.0,86.12385196,12.046363,77.0351033,thermal,,,,3,0.0
Yelburga,1,0,1,,110.0,135.0930249,15.624798,75.9799952,thermal,,,,1,0.0
Yeragera,3,0,3,,110.0,86.04764762999999,16.0796921,77.4185061,thermal,,,,1,0.0
Zhalki,139,139,0,17.769784172661872,,49.71142732,17.2522254,75.8024914,thermal,,,,3,0.0
nan,51,16,34,100.0,220.0,,,,thermal,,,,52,0.06739052522211554
